mrr,hit@1,recall@1,precision@1,ndcg@1,hit@3,recall@3,precision@3,ndcg@3,hit@5,recall@5,precision@5,ndcg@5,hit@10,recall@10,precision@10,ndcg@10,latency_s,n_retrieved,chunking,embedding,retrieval,n_questions,error
0.4794326241134751,0.3829787234042553,0.2978723404255319,0.3829787234042553,0.3829787234042553,0.574468085106383,0.7872340425531915,0.3333333333333333,0.6160704831998656,0.5957446808510638,1.1170212765957446,0.2851063829787233,0.758408574223435,0.5957446808510638,1.1170212765957446,0.1425531914893616,0.758408574223435,0.0120426988601684,5.0,fixed-256-0,minilm-l6,dense-k5,50,
0.5007936507936508,0.3829787234042553,0.2978723404255319,0.3829787234042553,0.3829787234042553,0.574468085106383,0.7872340425531915,0.3333333333333333,0.6160704831998656,0.5957446808510638,1.1170212765957446,0.2851063829787233,0.758408574223435,0.7446808510638298,2.070921985815603,0.2787234042553191,1.0971954389835157,0.0046359157562255,10.0,fixed-256-0,minilm-l6,dense-k10,50,
0.4794326241134751,0.3829787234042553,0.2978723404255319,0.3829787234042553,0.3829787234042553,0.574468085106383,0.7872340425531915,0.3333333333333333,0.6160704831998656,0.5957446808510638,1.1170212765957446,0.2851063829787233,0.758408574223435,0.5957446808510638,1.1170212765957446,0.1425531914893616,0.758408574223435,0.0034221458435058,5.0,fixed-256-0,minilm-l6,dense-k5-thresh,50,
0.4322787141936077,0.3829787234042553,0.2978723404255319,0.3829787234042553,0.3829787234042553,0.4042553191489361,0.8617021276595744,0.3687943262411347,0.6586236746892273,0.5531914893617021,1.3936170212765957,0.3574468085106382,0.8907608850297267,0.574468085106383,2.191489361702128,0.274468085106383,1.1633831992069434,0.0326032876968383,13.48,fixed-256-0,minilm-l6,dense-k5-neigh,50,
0.5475177304964539,0.4468085106382978,0.3404255319148936,0.4468085106382978,0.4468085106382978,0.6170212765957447,0.9113475177304964,0.3971631205673759,0.7105831871497584,0.7021276595744681,1.3687943262411346,0.3574468085106382,0.9113270662693456,0.7021276595744681,1.3687943262411346,0.1787234042553191,0.9113270662693456,0.0197031736373901,5.0,fixed-256-0,minilm-l6,hybrid-k5,50,
0.5541002328516327,0.4468085106382978,0.3262411347517731,0.4468085106382978,0.4468085106382978,0.6382978723404256,0.8581560283687943,0.3900709219858155,0.6784899215915839,0.6808510638297872,1.4113475177304964,0.3787234042553191,0.9203599422406584,0.8085106382978723,2.4574468085106385,0.3319148936170212,1.2875461888798208,0.6261488580703736,20.0,fixed-256-0,minilm-l6,dense-k20-rerank5,50,
0.4464539007092198,0.3617021276595745,0.2765957446808511,0.3617021276595745,0.3617021276595745,0.5106382978723404,0.6914893617021277,0.3191489361702127,0.5603452992371998,0.574468085106383,1.0106382978723405,0.2808510638297872,0.7021445605248083,0.574468085106383,1.0106382978723405,0.1404255319148936,0.7021445605248083,0.0125748014450073,5.0,fixed-256-0,mpnet-base,dense-k5,50,
0.4691404930766633,0.3617021276595745,0.2765957446808511,0.3617021276595745,0.3617021276595745,0.5106382978723404,0.6914893617021277,0.3191489361702127,0.5603452992371998,0.574468085106383,1.0106382978723405,0.2808510638297872,0.7021445605248083,0.7446808510638298,1.7765957446808511,0.2425531914893617,0.9689440865622638,0.0120561504364013,10.0,fixed-256-0,mpnet-base,dense-k10,50,
0.4464539007092198,0.3617021276595745,0.2765957446808511,0.3617021276595745,0.3617021276595745,0.5106382978723404,0.6914893617021277,0.3191489361702127,0.5603452992371998,0.574468085106383,1.0106382978723405,0.2808510638297872,0.7021445605248083,0.574468085106383,1.0106382978723405,0.1404255319148936,0.7021445605248083,0.0106334638595581,5.0,fixed-256-0,mpnet-base,dense-k5-thresh,50,
0.4023550917167938,0.3617021276595745,0.2765957446808511,0.3617021276595745,0.3617021276595745,0.3617021276595745,0.7872340425531915,0.3404255319148935,0.6067619012859466,0.4893617021276595,1.2765957446808511,0.3404255319148936,0.8245086688440855,0.5319148936170213,2.042553191489361,0.2872340425531914,1.10285938115772,0.0389735507965087,13.56,fixed-256-0,mpnet-base,dense-k5-neigh,50,
0.4879432624113475,0.3404255319148936,0.2446808510638297,0.3404255319148936,0.3404255319148936,0.6382978723404256,0.8581560283687943,0.3900709219858155,0.6391528863177931,0.7021276595744681,1.304964539007092,0.3659574468085106,0.8407963101140773,0.7021276595744681,1.304964539007092,0.1829787234042553,0.8407963101140773,0.024710373878479,5.0,fixed-256-0,mpnet-base,hybrid-k5,50,
0.5750253292806484,0.4680851063829787,0.3297872340425531,0.4680851063829787,0.4680851063829787,0.6595744680851063,0.9148936170212766,0.425531914893617,0.7227744283298154,0.723404255319149,1.3404255319148937,0.3702127659574468,0.9124639550948443,0.7659574468085106,2.095744680851064,0.2914893617021276,1.1845645461890482,0.3512799453735351,20.0,fixed-256-0,mpnet-base,dense-k20-rerank5,50,
0.5184397163120568,0.425531914893617,0.2943262411347518,0.425531914893617,0.425531914893617,0.6170212765957447,0.822695035460993,0.3758865248226951,0.6433364440549207,0.6808510638297872,1.1666666666666667,0.3276595744680851,0.8007817641358951,0.6808510638297872,1.1666666666666667,0.1638297872340425,0.8007817641358951,0.0058841562271118,5.0,fixed-256-0,e5-small-ml,dense-k5,50,
0.5345997973657547,0.425531914893617,0.2943262411347518,0.425531914893617,0.425531914893617,0.6170212765957447,0.822695035460993,0.3758865248226951,0.6433364440549207,0.6808510638297872,1.1666666666666667,0.3276595744680851,0.8007817641358951,0.8085106382978723,2.099290780141844,0.2914893617021276,1.1203241284195815,0.0055750083923339,10.0,fixed-256-0,e5-small-ml,dense-k10,50,
0.5184397163120568,0.425531914893617,0.2943262411347518,0.425531914893617,0.425531914893617,0.6170212765957447,0.822695035460993,0.3758865248226951,0.6433364440549207,0.6808510638297872,1.1666666666666667,0.3276595744680851,0.8007817641358951,0.6808510638297872,1.1666666666666667,0.1638297872340425,0.8007817641358951,0.0046756553649902,5.0,fixed-256-0,e5-small-ml,dense-k5-thresh,50,
0.4703478554542384,0.425531914893617,0.2943262411347518,0.425531914893617,0.425531914893617,0.425531914893617,0.8297872340425532,0.3971631205673758,0.6595750382900744,0.5319148936170213,1.297872340425532,0.3659574468085106,0.8660848644621456,0.6808510638297872,2.421985815602837,0.3382978723404255,1.2599467699139806,0.0305006742477417,13.4,fixed-256-0,e5-small-ml,dense-k5-neigh,50,
0.575886524822695,0.4893617021276595,0.3475177304964539,0.4893617021276595,0.4893617021276595,0.6382978723404256,0.897163120567376,0.4113475177304964,0.7149963620195423,0.723404255319149,1.446808510638298,0.3914893617021277,0.9553215047693088,0.723404255319149,1.446808510638298,0.1957446808510638,0.9553215047693088,0.0175104475021362,5.0,fixed-256-0,e5-small-ml,hybrid-k5,50,
0.6338314758527525,0.5319148936170213,0.3687943262411348,0.5319148936170213,0.5319148936170213,0.7021276595744681,0.9219858156028368,0.425531914893617,0.7378948226417584,0.7659574468085106,1.3865248226950355,0.3829787234042554,0.949102858739288,0.8085106382978723,2.283687943262412,0.3191489361702128,1.2650113575991837,0.349967622756958,20.0,fixed-256-0,e5-small-ml,dense-k20-rerank5,50,
0.6312056737588653,0.4893617021276595,0.3581560283687943,0.4893617021276595,0.4893617021276595,0.7872340425531915,1.024822695035461,0.4822695035460992,0.8077606445472173,0.8297872340425532,1.5496453900709222,0.4425531914893618,1.0464112322080206,0.8297872340425532,1.5496453900709222,0.2212765957446809,1.0464112322080206,0.01128342628479,5.0,fixed-256-0,e5-base-ml,dense-k5,50,
0.6312056737588653,0.4893617021276595,0.3581560283687943,0.4893617021276595,0.4893617021276595,0.7872340425531915,1.024822695035461,0.4822695035460992,0.8077606445472173,0.8297872340425532,1.5496453900709222,0.4425531914893618,1.0464112322080206,0.8297872340425532,2.6382978723404253,0.3829787234042553,1.431324330474211,0.0107730674743652,10.0,fixed-256-0,e5-base-ml,dense-k10,50,
0.6312056737588653,0.4893617021276595,0.3581560283687943,0.4893617021276595,0.4893617021276595,0.7872340425531915,1.024822695035461,0.4822695035460992,0.8077606445472173,0.8297872340425532,1.5496453900709222,0.4425531914893618,1.0464112322080206,0.8297872340425532,1.5496453900709222,0.2212765957446809,1.0464112322080206,0.0105457019805908,5.0,fixed-256-0,e5-base-ml,dense-k5-thresh,50,
0.558434650455927,0.4893617021276595,0.3581560283687943,0.4893617021276595,0.4893617021276595,0.4893617021276595,1.053191489361702,0.4822695035460992,0.8151603584999161,0.7021276595744681,1.833333333333333,0.5063829787234042,1.1615386739063895,0.8297872340425532,3.187943262411347,0.4510638297872339,1.640538826110146,0.0393500137329101,13.04,fixed-256-0,e5-base-ml,dense-k5-neigh,50,
0.6,0.4680851063829787,0.3368794326241134,0.4680851063829787,0.4680851063829787,0.723404255319149,0.9609929078014184,0.4397163120567375,0.7500753474318287,0.7872340425531915,1.5070921985815602,0.425531914893617,0.9975263251705934,0.7872340425531915,1.5070921985815602,0.2127659574468085,0.9975263251705934,0.023326392173767,5.0,fixed-256-0,e5-base-ml,hybrid-k5,50,
0.5911685241472475,0.4680851063829787,0.3156028368794326,0.4680851063829787,0.4680851063829787,0.7021276595744681,0.8758865248226951,0.4184397163120567,0.6892483862252456,0.7659574468085106,1.5070921985815604,0.4297872340425532,0.9707051352841132,0.851063829787234,2.624113475177305,0.376595744680851,1.3664044089620606,0.3491417360305786,20.0,fixed-256-0,e5-base-ml,dense-k20-rerank5,50,
0.6673758865248227,0.5319148936170213,0.3687943262411347,0.5319148936170213,0.5319148936170213,0.7872340425531915,1.099290780141844,0.5035460992907801,0.8555069625543857,0.851063829787234,1.6702127659574468,0.4638297872340425,1.1104491171583104,0.851063829787234,1.6702127659574468,0.2319148936170212,1.1104491171583104,0.0273940181732177,5.0,fixed-256-0,e5-large-ml,dense-k5,50,
0.6700354609929078,0.5319148936170213,0.3687943262411347,0.5319148936170213,0.5319148936170213,0.7872340425531915,1.099290780141844,0.5035460992907801,0.8555069625543857,0.851063829787234,1.6702127659574468,0.4638297872340425,1.1104491171583104,0.8723404255319149,2.6595744680851063,0.3808510638297872,1.4625364338245348,0.0262683200836181,10.0,fixed-256-0,e5-large-ml,dense-k10,50,
0.6673758865248227,0.5319148936170213,0.3687943262411347,0.5319148936170213,0.5319148936170213,0.7872340425531915,1.099290780141844,0.5035460992907801,0.8555069625543857,0.851063829787234,1.6702127659574468,0.4638297872340425,1.1104491171583104,0.851063829787234,1.6702127659574468,0.2319148936170212,1.1104491171583104,0.024155101776123,5.0,fixed-256-0,e5-large-ml,dense-k5-thresh,50,
0.599593432572156,0.5319148936170213,0.3687943262411347,0.5319148936170213,0.5319148936170213,0.5531914893617021,1.0957446808510638,0.524822695035461,0.8573351976317034,0.7446808510638298,1.8120567375886525,0.5106382978723404,1.175656272245067,0.8297872340425532,3.26241134751773,0.4531914893617021,1.6796236631995731,0.0535709762573242,12.34,fixed-256-0,e5-large-ml,dense-k5-neigh,50,
0.6425531914893616,0.5531914893617021,0.4113475177304965,0.5531914893617021,0.5531914893617021,0.723404255319149,1.046099290780142,0.4822695035460993,0.8313872414209855,0.7872340425531915,1.5957446808510638,0.4468085106382978,1.076655647697745,0.7872340425531915,1.5957446808510638,0.2234042553191489,1.076655647697745,0.0370208120346069,5.0,fixed-256-0,e5-large-ml,hybrid-k5,50,
0.6561388965644285,0.5531914893617021,0.3794326241134752,0.5531914893617021,0.5531914893617021,0.7659574468085106,1.0319148936170213,0.4822695035460992,0.8089010964792046,0.8085106382978723,1.549645390070922,0.4382978723404255,1.0402432656765008,0.8723404255319149,2.691489361702128,0.3872340425531915,1.4432653778708515,0.3642824840545654,20.0,fixed-256-0,e5-large-ml,dense-k20-rerank5,50,
0.4712765957446808,0.3404255319148936,0.2411347517730496,0.3404255319148936,0.3404255319148936,0.5957446808510638,0.6950354609929078,0.3120567375886525,0.5433849585338553,0.6595744680851063,1.0319148936170213,0.2851063829787234,0.6946652818450797,0.6595744680851063,1.0319148936170213,0.1425531914893617,0.6946652818450797,0.0265726327896118,5.0,fixed-256-0,bge-m3,dense-k5,50,
0.4825059101654846,0.3404255319148936,0.2411347517730496,0.3404255319148936,0.3404255319148936,0.5957446808510638,0.6950354609929078,0.3120567375886525,0.5433849585338553,0.6595744680851063,1.0319148936170213,0.2851063829787234,0.6946652818450797,0.7446808510638298,1.5780141843971631,0.2319148936170212,0.8955150905528719,0.0259596538543701,10.0,fixed-256-0,bge-m3,dense-k10,50,
0.4712765957446808,0.3404255319148936,0.2411347517730496,0.3404255319148936,0.3404255319148936,0.5957446808510638,0.6950354609929078,0.3120567375886525,0.5433849585338553,0.6595744680851063,1.0319148936170213,0.2851063829787234,0.6946652818450797,0.6595744680851063,1.0319148936170213,0.1425531914893617,0.6946652818450797,0.0246859216690063,5.0,fixed-256-0,bge-m3,dense-k5-thresh,50,
0.4034447821681864,0.3404255319148936,0.2411347517730496,0.3404255319148936,0.3404255319148936,0.3404255319148936,0.7021276595744681,0.3333333333333333,0.5504063201289796,0.5319148936170213,1.195035460992908,0.3319148936170213,0.7673328562167516,0.6382978723404256,1.9893617021276595,0.2765957446808511,1.0483434318065608,0.0518089818954467,13.38,fixed-256-0,bge-m3,dense-k5-neigh,50,
0.526950354609929,0.425531914893617,0.2943262411347517,0.425531914893617,0.425531914893617,0.6170212765957447,0.776595744680851,0.3687943262411347,0.6214582686033705,0.723404255319149,1.180851063829787,0.3319148936170213,0.8004803332680689,0.723404255319149,1.180851063829787,0.1659574468085106,0.8004803332680689,0.0380346584320068,5.0,fixed-256-0,bge-m3,hybrid-k5,50,
0.603951367781155,0.5106382978723404,0.3794326241134752,0.5106382978723404,0.5106382978723404,0.6808510638297872,0.8652482269503547,0.4042553191489361,0.7098256632058064,0.723404255319149,1.2872340425531914,0.3617021276595745,0.8986894992778557,0.8085106382978723,1.99290780141844,0.2893617021276596,1.1527296084537535,0.3937124013900757,20.0,fixed-256-0,bge-m3,dense-k20-rerank5,50,
0.5421985815602837,0.4680851063829787,0.326241134751773,0.4680851063829787,0.4680851063829787,0.574468085106383,0.723404255319149,0.3546099290780141,0.6166434944431383,0.6808510638297872,1.074468085106383,0.3191489361702128,0.776589065863056,0.6808510638297872,1.074468085106383,0.1595744680851064,0.776589065863056,0.0433474779129028,5.0,fixed-256-0,granite-311m-ml,dense-k5,50,
0.5546943600135089,0.4680851063829787,0.326241134751773,0.4680851063829787,0.4680851063829787,0.574468085106383,0.723404255319149,0.3546099290780141,0.6166434944431383,0.6808510638297872,1.074468085106383,0.3191489361702128,0.776589065863056,0.7659574468085106,1.7269503546099292,0.2617021276595744,1.0153298841315668,0.0143791580200195,10.0,fixed-256-0,granite-311m-ml,dense-k10,50,
0.5421985815602837,0.4680851063829787,0.326241134751773,0.4680851063829787,0.4680851063829787,0.574468085106383,0.723404255319149,0.3546099290780141,0.6166434944431383,0.6808510638297872,1.074468085106383,0.3191489361702128,0.776589065863056,0.6808510638297872,1.074468085106383,0.1595744680851064,0.776589065863056,0.0136028623580932,5.0,fixed-256-0,granite-311m-ml,dense-k5-thresh,50,
0.5033168368274751,0.4680851063829787,0.326241134751773,0.4680851063829787,0.4680851063829787,0.4680851063829787,0.946808510638298,0.4539007092198581,0.7457590923904923,0.5531914893617021,1.4078014184397163,0.4127659574468085,0.9576411057502516,0.6595744680851063,2.1702127659574466,0.3212765957446808,1.2267270704461206,0.0451159048080444,13.02,fixed-256-0,granite-311m-ml,dense-k5-neigh,50,
0.5617021276595745,0.4680851063829787,0.326241134751773,0.4680851063829787,0.4680851063829787,0.6382978723404256,0.8439716312056738,0.3971631205673758,0.6795964102007104,0.723404255319149,1.3475177304964538,0.3829787234042553,0.9055059253979536,0.723404255319149,1.3475177304964538,0.1914893617021276,0.9055059253979536,0.028977518081665,5.0,fixed-256-0,granite-311m-ml,hybrid-k5,50,
0.6085950692333671,0.4893617021276595,0.3475177304964539,0.4893617021276595,0.4893617021276595,0.7446808510638298,0.9645390070921984,0.4397163120567376,0.7557437461356574,0.7659574468085106,1.5035460992907803,0.4170212765957447,0.9994840720255737,0.8297872340425532,2.141843971631205,0.3191489361702128,1.2370121981747657,0.3851222515106201,20.0,fixed-256-0,granite-311m-ml,dense-k20-rerank5,50,
,,,,,,,,,,,,,,,,,,,fixed-256-0,jina-v3,dense-k5,50,retriever_init_failed: [Errno 2] No such file or directory: '/home/tlab/.cache/huggingface/modules/transformers_modules/jinaai/xlm_hyphen_roberta_hyphen_flash_hyphen_implementation/845308d0fd72a8406a3e378450e1a09522790419/mha.py'
,,,,,,,,,,,,,,,,,,,fixed-256-0,jina-v3,dense-k10,50,retriever_init_failed_embedding_cached: [Errno 2] No such file or directory: '/home/tlab/.cache/huggingface/modules/transformers_modules/jinaai/xlm_hyphen_roberta_hyphen_flash_hyphen_implementation/845308d0fd72a8406a3e378450e1a09522790419/mha.py'
,,,,,,,,,,,,,,,,,,,fixed-256-0,jina-v3,dense-k5-thresh,50,retriever_init_failed_embedding_cached: [Errno 2] No such file or directory: '/home/tlab/.cache/huggingface/modules/transformers_modules/jinaai/xlm_hyphen_roberta_hyphen_flash_hyphen_implementation/845308d0fd72a8406a3e378450e1a09522790419/mha.py'
,,,,,,,,,,,,,,,,,,,fixed-256-0,jina-v3,dense-k5-neigh,50,retriever_init_failed_embedding_cached: [Errno 2] No such file or directory: '/home/tlab/.cache/huggingface/modules/transformers_modules/jinaai/xlm_hyphen_roberta_hyphen_flash_hyphen_implementation/845308d0fd72a8406a3e378450e1a09522790419/mha.py'
,,,,,,,,,,,,,,,,,,,fixed-256-0,jina-v3,hybrid-k5,50,retriever_init_failed_embedding_cached: [Errno 2] No such file or directory: '/home/tlab/.cache/huggingface/modules/transformers_modules/jinaai/xlm_hyphen_roberta_hyphen_flash_hyphen_implementation/845308d0fd72a8406a3e378450e1a09522790419/mha.py'
,,,,,,,,,,,,,,,,,,,fixed-256-0,jina-v3,dense-k20-rerank5,50,retriever_init_failed_embedding_cached: [Errno 2] No such file or directory: '/home/tlab/.cache/huggingface/modules/transformers_modules/jinaai/xlm_hyphen_roberta_hyphen_flash_hyphen_implementation/845308d0fd72a8406a3e378450e1a09522790419/mha.py'
0.4563829787234042,0.3191489361702128,0.2553191489361702,0.3191489361702128,0.3191489361702128,0.6170212765957447,0.6914893617021277,0.3049645390070922,0.537360635176523,0.6595744680851063,1.0319148936170213,0.2723404255319149,0.6853171968931263,0.6595744680851063,1.0319148936170213,0.1361702127659574,0.6853171968931263,0.0148721122741699,5.0,fixed-256-0,jina-v2-base-en,dense-k5,50,
0.4679922323539344,0.3191489361702128,0.2553191489361702,0.3191489361702128,0.3191489361702128,0.6170212765957447,0.6914893617021277,0.3049645390070922,0.537360635176523,0.6595744680851063,1.0319148936170213,0.2723404255319149,0.6853171968931263,0.7446808510638298,1.819148936170213,0.248936170212766,0.9616631552447787,0.0136550617218017,10.0,fixed-256-0,jina-v2-base-en,dense-k10,50,
0.4563829787234042,0.3191489361702128,0.2553191489361702,0.3191489361702128,0.3191489361702128,0.6170212765957447,0.6914893617021277,0.3049645390070922,0.537360635176523,0.6595744680851063,1.0319148936170213,0.2723404255319149,0.6853171968931263,0.6595744680851063,1.0319148936170213,0.1361702127659574,0.6853171968931263,0.0121735286712646,5.0,fixed-256-0,jina-v2-base-en,dense-k5-thresh,50,
0.3849193359831657,0.3191489361702128,0.2553191489361702,0.3191489361702128,0.3191489361702128,0.3191489361702128,0.7127659574468085,0.2978723404255319,0.5470475694480164,0.5106382978723404,1.1382978723404256,0.2893617021276595,0.7327986453885879,0.6382978723404256,2.074468085106383,0.2723404255319149,1.0580729584755344,0.0449711084365844,13.9,fixed-256-0,jina-v2-base-en,dense-k5-neigh,50,
0.5184397163120568,0.4042553191489361,0.3085106382978723,0.4042553191489361,0.4042553191489361,0.6382978723404256,0.9007092198581561,0.3971631205673759,0.6910146597210737,0.7021276595744681,1.283687943262411,0.3446808510638298,0.8618058135935476,0.7021276595744681,1.283687943262411,0.1723404255319149,0.8618058135935476,0.0262807846069335,5.0,fixed-256-0,jina-v2-base-en,hybrid-k5,50,
0.5241797209882316,0.3829787234042553,0.2978723404255319,0.3829787234042553,0.3829787234042553,0.6595744680851063,0.925531914893617,0.4042553191489361,0.6970614107824769,0.6595744680851063,1.4148936170212767,0.3702127659574468,0.9112326684610352,0.7446808510638298,2.148936170212766,0.2914893617021276,1.175282402486766,0.3489608192443847,20.0,fixed-256-0,jina-v2-base-en,dense-k20-rerank5,50,
0.6773049645390071,0.574468085106383,0.4219858156028369,0.574468085106383,0.574468085106383,0.7446808510638298,1.0319148936170213,0.4822695035460993,0.8395436600888332,0.8297872340425532,1.5319148936170213,0.4425531914893617,1.0692794373502863,0.8297872340425532,1.5319148936170213,0.2212765957446808,1.0692794373502863,0.0223470401763916,5.0,fixed-256-0,nomic-v2,dense-k5,50,
0.6808510638297872,0.574468085106383,0.4219858156028369,0.574468085106383,0.574468085106383,0.7446808510638298,1.0319148936170213,0.4822695035460993,0.8395436600888332,0.8297872340425532,1.5319148936170213,0.4425531914893617,1.0692794373502863,0.851063829787234,2.460992907801418,0.3638297872340425,1.4073244269624583,0.0205551242828369,10.0,fixed-256-0,nomic-v2,dense-k10,50,
0.6773049645390071,0.574468085106383,0.4219858156028369,0.574468085106383,0.574468085106383,0.7446808510638298,1.0319148936170213,0.4822695035460993,0.8395436600888332,0.8297872340425532,1.5319148936170213,0.4425531914893617,1.0692794373502863,0.8297872340425532,1.5319148936170213,0.2212765957446808,1.0692794373502863,0.0207365751266479,5.0,fixed-256-0,nomic-v2,dense-k5-thresh,50,
0.6240206011482606,0.574468085106383,0.4219858156028369,0.574468085106383,0.574468085106383,0.574468085106383,1.2234042553191489,0.5602836879432624,0.9507987989234984,0.723404255319149,1.897163120567376,0.5191489361702127,1.2487196011279562,0.8297872340425532,3.117021276595745,0.451063829787234,1.69050228040149,0.0475587701797485,12.8,fixed-256-0,nomic-v2,dense-k5-neigh,50,
0.6007092198581561,0.4468085106382978,0.3368794326241134,0.4468085106382978,0.4468085106382978,0.7446808510638298,0.9929078014184398,0.4468085106382978,0.7692539868841491,0.8297872340425532,1.5319148936170213,0.4297872340425532,1.0131239955207203,0.8297872340425532,1.5319148936170213,0.2148936170212766,1.0131239955207203,0.0383857631683349,5.0,fixed-256-0,nomic-v2,hybrid-k5,50,
0.634390255134936,0.5319148936170213,0.3687943262411348,0.5319148936170213,0.5319148936170213,0.7021276595744681,0.9397163120567376,0.4468085106382978,0.751370105143292,0.7659574468085106,1.4574468085106382,0.4170212765957447,0.986879520240984,0.8085106382978723,2.4574468085106385,0.3659574468085106,1.350908750013297,0.4090175485610962,20.0,fixed-256-0,nomic-v2,dense-k20-rerank5,50,
0.6134751773049645,0.5106382978723404,0.3687943262411347,0.5106382978723404,0.5106382978723404,0.723404255319149,1.0106382978723405,0.4893617021276595,0.8071814925444188,0.7659574468085106,1.50354609929078,0.4425531914893616,1.0338453076200502,0.7659574468085106,1.50354609929078,0.2212765957446808,1.0338453076200502,0.2782929372787475,5.0,fixed-256-0,qwen3-embed-8b,dense-k5,50,
0.6282505910165485,0.5106382978723404,0.3687943262411347,0.5106382978723404,0.5106382978723404,0.723404255319149,1.0106382978723405,0.4893617021276595,0.8071814925444188,0.7659574468085106,1.50354609929078,0.4425531914893616,1.0338453076200502,0.8723404255319149,2.425531914893617,0.3617021276595745,1.3636946991105083,0.2775897884368896,10.0,fixed-256-0,qwen3-embed-8b,dense-k10,50,
0.6134751773049645,0.5106382978723404,0.3687943262411347,0.5106382978723404,0.5106382978723404,0.723404255319149,1.0106382978723405,0.4893617021276595,0.8071814925444188,0.7659574468085106,1.50354609929078,0.4425531914893616,1.0338453076200502,0.7659574468085106,1.50354609929078,0.2212765957446808,1.0338453076200502,0.277944164276123,5.0,fixed-256-0,qwen3-embed-8b,dense-k5-thresh,50,
0.5600050658561297,0.5106382978723404,0.3687943262411347,0.5106382978723404,0.5106382978723404,0.5106382978723404,1.0851063829787233,0.5035460992907801,0.8429597967208251,0.6382978723404256,1.6843971631205674,0.4851063829787235,1.1171487047678583,0.7659574468085106,3.049645390070922,0.4468085106382978,1.6045226671839543,0.3058939456939697,12.5,fixed-256-0,qwen3-embed-8b,dense-k5-neigh,50,
0.6397163120567376,0.5319148936170213,0.3687943262411347,0.5319148936170213,0.5319148936170213,0.723404255319149,1.0638297872340423,0.4964539007092197,0.83688422817199,0.8085106382978723,1.528368794326241,0.4340425531914894,1.047727091763501,0.8085106382978723,1.528368794326241,0.2170212765957447,1.047727091763501,0.2901421880722046,5.0,fixed-256-0,qwen3-embed-8b,hybrid-k5,50,
0.6328159615673614,0.5319148936170213,0.3687943262411348,0.5319148936170213,0.5319148936170213,0.7021276595744681,0.9751773049645388,0.4539007092198582,0.7721481817690771,0.7659574468085106,1.3617021276595744,0.3872340425531915,0.9490613540283436,0.8297872340425532,2.390070921985816,0.3553191489361703,1.3199482409022238,0.6315763998031616,20.0,fixed-256-0,qwen3-embed-8b,dense-k20-rerank5,50,
,,,,,,,,,,,,,,,,,,,fixed-256-0,gte-qwen2-7b,dense-k5,50,retriever_init_failed: 'DynamicCache' object has no attribute 'get_usable_length'
,,,,,,,,,,,,,,,,,,,fixed-256-0,gte-qwen2-7b,dense-k10,50,retriever_init_failed_cached: 'DynamicCache' object has no attribute 'get_usable_length'
,,,,,,,,,,,,,,,,,,,fixed-256-0,gte-qwen2-7b,dense-k5-thresh,50,retriever_init_failed_cached: 'DynamicCache' object has no attribute 'get_usable_length'
,,,,,,,,,,,,,,,,,,,fixed-256-0,gte-qwen2-7b,dense-k5-neigh,50,retriever_init_failed_cached: 'DynamicCache' object has no attribute 'get_usable_length'
,,,,,,,,,,,,,,,,,,,fixed-256-0,gte-qwen2-7b,hybrid-k5,50,retriever_init_failed_cached: 'DynamicCache' object has no attribute 'get_usable_length'
,,,,,,,,,,,,,,,,,,,fixed-256-0,gte-qwen2-7b,dense-k20-rerank5,50,retriever_init_failed_cached: 'DynamicCache' object has no attribute 'get_usable_length'
,,,,,,,,,,,,,,,,,,,fixed-256-0,nv-embed-v2,dense-k5,50,retriever_init_failed: 'DynamicCache' object has no attribute 'get_usable_length'
,,,,,,,,,,,,,,,,,,,fixed-256-0,nv-embed-v2,dense-k10,50,retriever_init_failed_cached: 'DynamicCache' object has no attribute 'get_usable_length'
,,,,,,,,,,,,,,,,,,,fixed-256-0,nv-embed-v2,dense-k5-thresh,50,retriever_init_failed_cached: 'DynamicCache' object has no attribute 'get_usable_length'
,,,,,,,,,,,,,,,,,,,fixed-256-0,nv-embed-v2,dense-k5-neigh,50,retriever_init_failed_cached: 'DynamicCache' object has no attribute 'get_usable_length'
,,,,,,,,,,,,,,,,,,,fixed-256-0,nv-embed-v2,hybrid-k5,50,retriever_init_failed_cached: 'DynamicCache' object has no attribute 'get_usable_length'
,,,,,,,,,,,,,,,,,,,fixed-256-0,nv-embed-v2,dense-k20-rerank5,50,retriever_init_failed_cached: 'DynamicCache' object has no attribute 'get_usable_length'
0.5088652482269503,0.4042553191489361,0.2836879432624113,0.4042553191489361,0.4042553191489361,0.6382978723404256,0.7588652482269505,0.3687943262411347,0.610573496448861,0.6595744680851063,1.0780141843971631,0.3148936170212765,0.756671917944662,0.6595744680851063,1.0780141843971631,0.1574468085106382,0.756671917944662,0.0305540895462036,5.0,fixed-256-0,camembert-large,dense-k5,50,
0.5240206011482607,0.4042553191489361,0.2836879432624113,0.4042553191489361,0.4042553191489361,0.6382978723404256,0.7588652482269505,0.3687943262411347,0.610573496448861,0.6595744680851063,1.0780141843971631,0.3148936170212765,0.756671917944662,0.7659574468085106,1.9680851063829787,0.2957446808510638,1.0791549538630691,0.0229103803634643,10.0,fixed-256-0,camembert-large,dense-k10,50,
0.5088652482269503,0.4042553191489361,0.2836879432624113,0.4042553191489361,0.4042553191489361,0.6382978723404256,0.7588652482269505,0.3687943262411347,0.610573496448861,0.6595744680851063,1.0780141843971631,0.3148936170212765,0.756671917944662,0.6595744680851063,1.0780141843971631,0.1574468085106382,0.756671917944662,0.0214564895629882,5.0,fixed-256-0,camembert-large,dense-k5-thresh,50,
0.4540273556231002,0.4042553191489361,0.2836879432624113,0.4042553191489361,0.4042553191489361,0.4042553191489361,0.8297872340425532,0.3971631205673758,0.6513441274978502,0.5319148936170213,1.3120567375886525,0.3829787234042553,0.8705246314192199,0.6595744680851063,2.3404255319148937,0.3404255319148936,1.23210401144521,0.0484624671936035,13.54,fixed-256-0,camembert-large,dense-k5-neigh,50,
0.5273049645390071,0.425531914893617,0.2836879432624113,0.425531914893617,0.425531914893617,0.5957446808510638,0.7907801418439716,0.3758865248226949,0.6298899790408189,0.723404255319149,1.2624113475177303,0.3617021276595745,0.8434542438302965,0.723404255319149,1.2624113475177303,0.1808510638297872,0.8434542438302965,0.033787875175476,5.0,fixed-256-0,camembert-large,hybrid-k5,50,
0.6174208561567761,0.5106382978723404,0.3581560283687944,0.5106382978723404,0.5106382978723404,0.723404255319149,0.8581560283687942,0.4042553191489361,0.7045812914964971,0.7446808510638298,1.2269503546099292,0.3617021276595745,0.8764422446869953,0.7872340425531915,2.056737588652482,0.3085106382978723,1.1762691608140476,0.6451053667068481,20.0,fixed-256-0,camembert-large,dense-k20-rerank5,50,
0.60177304964539,0.4680851063829787,0.3368794326241134,0.4680851063829787,0.4680851063829787,0.7446808510638298,1.028368794326241,0.4609929078014184,0.7822134683981449,0.8297872340425532,1.5921985815602837,0.4340425531914893,1.0360747303116755,0.8297872340425532,1.5921985815602837,0.2170212765957446,1.0360747303116755,0.0243154621124267,5.0,fixed-256-0,solon-large,dense-k5,50,
0.6095744680851064,0.4680851063829787,0.3368794326241134,0.4680851063829787,0.4680851063829787,0.7446808510638298,1.028368794326241,0.4609929078014184,0.7822134683981449,0.8297872340425532,1.5921985815602837,0.4340425531914893,1.0360747303116755,0.8936170212765957,2.6773049645390072,0.3723404255319148,1.4201121140624011,0.0230137109756469,10.0,fixed-256-0,solon-large,dense-k10,50,
0.5964539007092198,0.4680851063829787,0.3368794326241134,0.4680851063829787,0.4680851063829787,0.7446808510638298,1.028368794326241,0.4609929078014184,0.7822134683981449,0.8085106382978723,1.5709219858156027,0.4297872340425532,1.0269113992888377,0.8085106382978723,1.5709219858156027,0.2148936170212766,1.0269113992888377,0.0225189876556396,4.66,fixed-256-0,solon-large,dense-k5-thresh,50,
0.5344309354947653,0.4680851063829787,0.3368794326241134,0.4680851063829787,0.4680851063829787,0.4893617021276595,1.0212765957446808,0.4680851063829787,0.7845751808413164,0.6170212765957447,1.6170212765957446,0.4425531914893617,1.047775662568769,0.8297872340425532,3.148936170212766,0.4319148936170213,1.5807539306059994,0.050670313835144,13.0,fixed-256-0,solon-large,dense-k5-neigh,50,
0.6113475177304964,0.5319148936170213,0.3900709219858156,0.5319148936170213,0.5319148936170213,0.6808510638297872,0.9822695035460994,0.4539007092198581,0.7847185945355117,0.7659574468085106,1.524822695035461,0.4127659574468085,1.018172883799711,0.7659574468085106,1.524822695035461,0.2063829787234042,1.018172883799711,0.0351763677597045,5.0,fixed-256-0,solon-large,hybrid-k5,50,
0.637969359245955,0.5106382978723404,0.3475177304964539,0.5106382978723404,0.5106382978723404,0.7872340425531915,1.0709219858156027,0.4893617021276595,0.8189431361753985,0.7872340425531915,1.546099290780142,0.4340425531914894,1.0343951946351246,0.851063829787234,2.698581560283688,0.3851063829787234,1.4410055248273448,0.378651967048645,20.0,fixed-256-0,solon-large,dense-k20-rerank5,50,
0.5847517730496454,0.4893617021276595,0.3581560283687943,0.4893617021276595,0.4893617021276595,0.6808510638297872,1.0035460992907803,0.4680851063829787,0.7872057952707274,0.7446808510638298,1.5780141843971631,0.4425531914893616,1.0442489765691856,0.7446808510638298,1.5780141843971631,0.2212765957446808,1.0442489765691856,0.0225528335571289,5.0,fixed-256-0,bilingual-fr-en,dense-k5,50,
0.5937943262411347,0.4893617021276595,0.3581560283687943,0.4893617021276595,0.4893617021276595,0.6808510638297872,1.0035460992907803,0.4680851063829787,0.7872057952707274,0.7446808510638298,1.5780141843971631,0.4425531914893616,1.0442489765691856,0.8297872340425532,2.8404255319148937,0.4106382978723404,1.4904134357218908,0.0228751182556152,10.0,fixed-256-0,bilingual-fr-en,dense-k10,50,
0.5847517730496454,0.4893617021276595,0.3581560283687943,0.4893617021276595,0.4893617021276595,0.6808510638297872,1.0035460992907803,0.4680851063829787,0.7872057952707274,0.7446808510638298,1.5780141843971631,0.4425531914893616,1.0442489765691856,0.7446808510638298,1.5780141843971631,0.2212765957446808,1.0442489765691856,0.0222610235214233,5.0,fixed-256-0,bilingual-fr-en,dense-k5-thresh,50,
0.5346913724573299,0.4893617021276595,0.3581560283687943,0.4893617021276595,0.4893617021276595,0.4893617021276595,1.0106382978723405,0.4609929078014184,0.7914763756751192,0.5957446808510638,1.5638297872340423,0.4340425531914893,1.0397169353344744,0.7021276595744681,2.98936170212766,0.4297872340425532,1.5493126435013806,0.0518108749389648,12.64,fixed-256-0,bilingual-fr-en,dense-k5-neigh,50,
0.6053191489361702,0.5106382978723404,0.3687943262411348,0.5106382978723404,0.5106382978723404,0.7021276595744681,0.9929078014184398,0.4539007092198581,0.7843976281289662,0.7446808510638298,1.553191489361702,0.4340425531914894,1.033131807580183,0.7446808510638298,1.553191489361702,0.2170212765957447,1.033131807580183,0.0349185180664062,5.0,fixed-256-0,bilingual-fr-en,hybrid-k5,50,
0.6406353103161614,0.5106382978723404,0.3581560283687944,0.5106382978723404,0.5106382978723404,0.7659574468085106,1.0780141843971631,0.4964539007092198,0.8252651790064025,0.8085106382978723,1.6595744680851063,0.4680851063829787,1.0886052713824073,0.8936170212765957,2.868794326241135,0.4148936170212766,1.5152529519011766,0.3623933267593384,20.0,fixed-256-0,bilingual-fr-en,dense-k20-rerank5,50,
,,,,,,,,,,,,,,,,,,,fixed-256-0,ada-002,dense-k5,50,retriever_init_failed: Error getting collection: Collection [1fa7036a-9539-4476-9356-ff7bfc7bc227] does not exist.
,,,,,,,,,,,,,,,,,,,fixed-256-0,ada-002,dense-k10,50,retriever_init_failed_cached: Error getting collection: Collection [1fa7036a-9539-4476-9356-ff7bfc7bc227] does not exist.
,,,,,,,,,,,,,,,,,,,fixed-256-0,ada-002,dense-k5-thresh,50,retriever_init_failed_cached: Error getting collection: Collection [1fa7036a-9539-4476-9356-ff7bfc7bc227] does not exist.
,,,,,,,,,,,,,,,,,,,fixed-256-0,ada-002,dense-k5-neigh,50,retriever_init_failed_cached: Error getting collection: Collection [1fa7036a-9539-4476-9356-ff7bfc7bc227] does not exist.
,,,,,,,,,,,,,,,,,,,fixed-256-0,ada-002,hybrid-k5,50,retriever_init_failed_cached: Error getting collection: Collection [1fa7036a-9539-4476-9356-ff7bfc7bc227] does not exist.
,,,,,,,,,,,,,,,,,,,fixed-256-0,ada-002,dense-k20-rerank5,50,retriever_init_failed_cached: Error getting collection: Collection [1fa7036a-9539-4476-9356-ff7bfc7bc227] does not exist.
,,,,,,,,,,,,,,,,,,,fixed-256-0,embed-3-large,dense-k5,50,retriever_init_failed: Connection error.
,,,,,,,,,,,,,,,,,,,fixed-256-0,embed-3-large,dense-k10,50,retriever_init_failed_cached: Connection error.
,,,,,,,,,,,,,,,,,,,fixed-256-0,embed-3-large,dense-k5-thresh,50,retriever_init_failed_cached: Connection error.
,,,,,,,,,,,,,,,,,,,fixed-256-0,embed-3-large,dense-k5-neigh,50,retriever_init_failed_cached: Connection error.
,,,,,,,,,,,,,,,,,,,fixed-256-0,embed-3-large,hybrid-k5,50,retriever_init_failed_cached: Connection error.
,,,,,,,,,,,,,,,,,,,fixed-256-0,embed-3-large,dense-k20-rerank5,50,retriever_init_failed_cached: Connection error.
0.4049645390070922,0.2978723404255319,0.2127659574468085,0.2978723404255319,0.2978723404255319,0.5319148936170213,0.6382978723404256,0.2765957446808511,0.4848684645789409,0.5957446808510638,0.9680851063829788,0.2638297872340425,0.636585356767776,0.5957446808510638,0.9680851063829788,0.1319148936170212,0.636585356767776,0.0053228282928466,5.0,fixed-512-64,minilm-l6,dense-k5,50,
0.4207700101317122,0.2978723404255319,0.2127659574468085,0.2978723404255319,0.2978723404255319,0.5319148936170213,0.6382978723404256,0.2765957446808511,0.4848684645789409,0.5957446808510638,0.9680851063829788,0.2638297872340425,0.636585356767776,0.7021276595744681,1.648936170212766,0.2276595744680851,0.8767681505152576,0.0050207710266113,10.0,fixed-512-64,minilm-l6,dense-k10,50,
0.4049645390070922,0.2978723404255319,0.2127659574468085,0.2978723404255319,0.2978723404255319,0.5319148936170213,0.6382978723404256,0.2765957446808511,0.4848684645789409,0.5957446808510638,0.9680851063829788,0.2638297872340425,0.636585356767776,0.5957446808510638,0.9680851063829788,0.1319148936170212,0.636585356767776,0.0040400266647338,5.0,fixed-512-64,minilm-l6,dense-k5-thresh,50,
0.3483945132881303,0.2978723404255319,0.2127659574468085,0.2978723404255319,0.2978723404255319,0.2978723404255319,0.5851063829787234,0.276595744680851,0.4666296531086777,0.3829787234042553,0.8829787234042553,0.2468085106382978,0.598696104087711,0.574468085106383,1.7872340425531914,0.2468085106382978,0.9113595276246208,0.0269494581222534,13.38,fixed-512-64,minilm-l6,dense-k5-neigh,50,
0.5315602836879432,0.4468085106382978,0.351063829787234,0.4468085106382978,0.4468085106382978,0.5957446808510638,0.7943262411347518,0.3617021276595745,0.6496648766692861,0.6595744680851063,1.1985815602836878,0.3361702127659574,0.8341272916747925,0.6595744680851063,1.1985815602836878,0.1680851063829787,0.8341272916747925,0.0150740528106689,5.0,fixed-512-64,minilm-l6,hybrid-k5,50,
0.5810946146052529,0.4893617021276595,0.3581560283687943,0.4893617021276595,0.4893617021276595,0.6382978723404256,0.9219858156028368,0.4184397163120567,0.7389609581446631,0.7021276595744681,1.3262411347517729,0.3617021276595745,0.9189154430399752,0.7659574468085106,1.879432624113476,0.2595744680851064,1.114481974874093,1.1221209955215454,20.0,fixed-512-64,minilm-l6,dense-k20-rerank5,50,
0.4563829787234042,0.3617021276595745,0.2765957446808511,0.3617021276595745,0.3617021276595745,0.5531914893617021,0.7127659574468085,0.3120567375886525,0.5638303574390106,0.5957446808510638,1.0106382978723405,0.2680851063829787,0.6974009394955363,0.5957446808510638,1.0106382978723405,0.1340425531914893,0.6974009394955363,0.0262534523010253,5.0,fixed-512-64,mpnet-base,dense-k5,50,
0.478419452887538,0.3617021276595745,0.2765957446808511,0.3617021276595745,0.3617021276595745,0.5531914893617021,0.7127659574468085,0.3120567375886525,0.5638303574390106,0.5957446808510638,1.0106382978723405,0.2680851063829787,0.6974009394955363,0.7446808510638298,1.6382978723404256,0.2297872340425531,0.9214327541639076,0.0249365091323852,10.0,fixed-512-64,mpnet-base,dense-k10,50,
0.4563829787234042,0.3617021276595745,0.2765957446808511,0.3617021276595745,0.3617021276595745,0.5531914893617021,0.7127659574468085,0.3120567375886525,0.5638303574390106,0.5957446808510638,1.0106382978723405,0.2680851063829787,0.6974009394955363,0.5957446808510638,1.0106382978723405,0.1340425531914893,0.6974009394955363,0.0237878704071044,5.0,fixed-512-64,mpnet-base,dense-k5-thresh,50,
0.4090770931196463,0.3617021276595745,0.2765957446808511,0.3617021276595745,0.3617021276595745,0.3617021276595745,0.776595744680851,0.3333333333333333,0.6002390588097184,0.5106382978723404,1.2340425531914894,0.3191489361702128,0.801704356696776,0.574468085106383,1.882978723404256,0.2553191489361702,1.0348307271139348,0.04763436794281,12.84,fixed-512-64,mpnet-base,dense-k5-neigh,50,
0.5797872340425532,0.4893617021276595,0.3723404255319149,0.4893617021276595,0.4893617021276595,0.6595744680851063,0.9007092198581561,0.4042553191489361,0.7247289709279803,0.723404255319149,1.304964539007092,0.3574468085106383,0.9058246459559084,0.723404255319149,1.304964539007092,0.1787234042553191,0.9058246459559084,0.0341958808898925,5.0,fixed-512-64,mpnet-base,hybrid-k5,50,
0.5467916244511989,0.425531914893617,0.3191489361702128,0.425531914893617,0.425531914893617,0.6382978723404256,0.953900709219858,0.4326241134751772,0.7408473984018127,0.6382978723404256,1.3333333333333333,0.3659574468085106,0.912319224219941,0.7659574468085106,2.039007092198582,0.2851063829787234,1.1609527551818235,1.2290557193756104,20.0,fixed-512-64,mpnet-base,dense-k20-rerank5,50,
0.4907801418439716,0.3404255319148936,0.2304964539007092,0.3404255319148936,0.3404255319148936,0.5957446808510638,0.7801418439716313,0.3829787234042553,0.5990062626797443,0.723404255319149,1.425531914893617,0.4042553191489362,0.884967708630334,0.723404255319149,1.425531914893617,0.2021276595744681,0.884967708630334,0.0177902936935424,5.0,fixed-512-64,e5-small-ml,dense-k5,50,
0.5127068557919622,0.3404255319148936,0.2304964539007092,0.3404255319148936,0.3404255319148936,0.5957446808510638,0.7801418439716313,0.3829787234042553,0.5990062626797443,0.723404255319149,1.425531914893617,0.4042553191489362,0.884967708630334,0.8936170212765957,2.386524822695036,0.3340425531914894,1.217901873961257,0.0175721025466918,10.0,fixed-512-64,e5-small-ml,dense-k10,50,
0.4907801418439716,0.3404255319148936,0.2304964539007092,0.3404255319148936,0.3404255319148936,0.5957446808510638,0.7801418439716313,0.3829787234042553,0.5990062626797443,0.723404255319149,1.425531914893617,0.4042553191489362,0.884967708630334,0.723404255319149,1.425531914893617,0.2021276595744681,0.884967708630334,0.0152379608154296,5.0,fixed-512-64,e5-small-ml,dense-k5-thresh,50,
0.4155705996131528,0.3404255319148936,0.2304964539007092,0.3404255319148936,0.3404255319148936,0.3617021276595745,0.6808510638297872,0.3333333333333332,0.5369822828189486,0.5531914893617021,1.1914893617021276,0.3531914893617021,0.770262920410206,0.6808510638297872,2.3191489361702127,0.3489361702127659,1.1715939051791509,0.0410673809051513,12.3,fixed-512-64,e5-small-ml,dense-k5-neigh,50,
0.5638297872340424,0.4680851063829787,0.3262411347517731,0.4680851063829787,0.4680851063829787,0.6808510638297872,0.953900709219858,0.4326241134751772,0.7379522085927873,0.723404255319149,1.4609929078014183,0.4042553191489362,0.963181051844376,0.723404255319149,1.4609929078014183,0.2021276595744681,0.963181051844376,0.0246088361740112,5.0,fixed-512-64,e5-small-ml,hybrid-k5,50,
0.6033054711246201,0.4680851063829787,0.3297872340425531,0.4680851063829787,0.4680851063829787,0.6808510638297872,0.897163120567376,0.425531914893617,0.7113337511053813,0.7872340425531915,1.421985815602837,0.4085106382978724,0.9484802076886922,0.8297872340425532,2.3475177304964543,0.3361702127659574,1.2770133180474414,1.2090664434432985,20.0,fixed-512-64,e5-small-ml,dense-k20-rerank5,50,
0.6173758865248227,0.5319148936170213,0.3581560283687943,0.5319148936170213,0.5319148936170213,0.7021276595744681,0.9893617021276596,0.4822695035460993,0.7937574552343877,0.7872340425531915,1.5815602836879434,0.4595744680851064,1.061079972918137,0.7872340425531915,1.5815602836879434,0.2297872340425532,1.061079972918137,0.0247747468948364,5.0,fixed-512-64,e5-base-ml,dense-k5,50,
0.6225430597771024,0.5319148936170213,0.3581560283687943,0.5319148936170213,0.5319148936170213,0.7021276595744681,0.9893617021276596,0.4822695035460993,0.7937574552343877,0.7872340425531915,1.5815602836879434,0.4595744680851064,1.061079972918137,0.8297872340425532,2.74468085106383,0.4,1.4679145323722895,0.0131832933425903,10.0,fixed-512-64,e5-base-ml,dense-k10,50,
0.6173758865248227,0.5319148936170213,0.3581560283687943,0.5319148936170213,0.5319148936170213,0.7021276595744681,0.9893617021276596,0.4822695035460993,0.7937574552343877,0.7872340425531915,1.5815602836879434,0.4595744680851064,1.061079972918137,0.7872340425531915,1.5815602836879434,0.2297872340425532,1.061079972918137,0.0094685459136962,5.0,fixed-512-64,e5-base-ml,dense-k5-thresh,50,
0.575907957290936,0.5319148936170213,0.3581560283687943,0.5319148936170213,0.5319148936170213,0.5531914893617021,1.0851063829787233,0.5319148936170213,0.8504340027979007,0.6382978723404256,1.716312056737589,0.5106382978723404,1.1397654219445412,0.723404255319149,2.893617021276596,0.4234042553191489,1.5533327436924185,0.0313316297531127,11.96,fixed-512-64,e5-base-ml,dense-k5-neigh,50,
0.5893617021276596,0.5106382978723404,0.3687943262411348,0.5106382978723404,0.5106382978723404,0.7021276595744681,0.9716312056737588,0.4539007092198581,0.776567497398387,0.723404255319149,1.5212765957446808,0.425531914893617,1.020123002695652,0.723404255319149,1.5212765957446808,0.2127659574468085,1.020123002695652,0.0191528272628784,5.0,fixed-512-64,e5-base-ml,hybrid-k5,50,
0.5985815602836879,0.4680851063829787,0.3156028368794326,0.4680851063829787,0.4680851063829787,0.7021276595744681,0.925531914893617,0.4609929078014184,0.7381585787925694,0.7446808510638298,1.443262411347518,0.4297872340425532,0.9745826205080802,0.851063829787234,2.6205673758865244,0.3872340425531915,1.3923815592530064,1.190453934669495,20.0,fixed-512-64,e5-base-ml,dense-k20-rerank5,50,
0.6319148936170212,0.5319148936170213,0.3794326241134751,0.5319148936170213,0.5319148936170213,0.7446808510638298,0.9893617021276596,0.4751773049645389,0.7983201845578931,0.7659574468085106,1.5354609929078011,0.4340425531914894,1.039550331206969,0.7659574468085106,1.5354609929078011,0.2170212765957447,1.039550331206969,0.0275376510620117,5.0,fixed-512-64,e5-large-ml,dense-k5,50,
0.6455927051671733,0.5319148936170213,0.3794326241134751,0.5319148936170213,0.5319148936170213,0.7446808510638298,0.9893617021276596,0.4751773049645389,0.7983201845578931,0.7659574468085106,1.5354609929078011,0.4340425531914894,1.039550331206969,0.851063829787234,2.5248226950354606,0.3659574468085107,1.3954940426888442,0.0258163595199584,10.0,fixed-512-64,e5-large-ml,dense-k10,50,
0.6319148936170212,0.5319148936170213,0.3794326241134751,0.5319148936170213,0.5319148936170213,0.7446808510638298,0.9893617021276596,0.4751773049645389,0.7983201845578931,0.7659574468085106,1.5354609929078011,0.4340425531914894,1.039550331206969,0.7659574468085106,1.5354609929078011,0.2170212765957447,1.039550331206969,0.0253417682647705,5.0,fixed-512-64,e5-large-ml,dense-k5-thresh,50,
0.5889395474501857,0.5319148936170213,0.3794326241134751,0.5319148936170213,0.5319148936170213,0.6170212765957447,1.1170212765957446,0.524822695035461,0.8707592349417344,0.7021276595744681,1.726950354609929,0.4893617021276595,1.14548920428587,0.7659574468085106,2.815602836879432,0.4042553191489361,1.5309282971992846,0.0486648941040039,11.7,fixed-512-64,e5-large-ml,dense-k5-neigh,50,
0.6205673758865248,0.5319148936170213,0.400709219858156,0.5319148936170213,0.5319148936170213,0.7021276595744681,1.0673758865248228,0.4822695035460992,0.8358345553089245,0.7446808510638298,1.5106382978723405,0.4212765957446808,1.0388072174919465,0.7446808510638298,1.5106382978723405,0.2106382978723404,1.0388072174919465,0.03436288356781,5.0,fixed-512-64,e5-large-ml,hybrid-k5,50,
0.6116037331462864,0.4893617021276595,0.3368794326241134,0.4893617021276595,0.4893617021276595,0.7021276595744681,0.9929078014184398,0.4822695035460992,0.7816118886912755,0.7446808510638298,1.421985815602837,0.4212765957446808,0.977779680104549,0.851063829787234,2.592198581560284,0.3808510638297872,1.3937400043108996,1.265825991630554,20.0,fixed-512-64,e5-large-ml,dense-k20-rerank5,50,
0.4840425531914893,0.3829787234042553,0.2730496453900708,0.3829787234042553,0.3829787234042553,0.5957446808510638,0.7127659574468085,0.3475177304964539,0.5771280872281941,0.6170212765957447,1.017730496453901,0.2978723404255319,0.7168614344933284,0.6170212765957447,1.017730496453901,0.1489361702127659,0.7168614344933284,0.0486313486099243,5.0,fixed-512-64,bge-m3,dense-k5,50,
0.4867021276595744,0.3829787234042553,0.2730496453900708,0.3829787234042553,0.3829787234042553,0.5957446808510638,0.7127659574468085,0.3475177304964539,0.5771280872281941,0.6170212765957447,1.017730496453901,0.2978723404255319,0.7168614344933284,0.6382978723404256,1.7127659574468086,0.2531914893617021,0.9637356165454198,0.0487810897827148,10.0,fixed-512-64,bge-m3,dense-k10,50,
0.4840425531914893,0.3829787234042553,0.2730496453900708,0.3829787234042553,0.3829787234042553,0.5957446808510638,0.7127659574468085,0.3475177304964539,0.5771280872281941,0.6170212765957447,1.017730496453901,0.2978723404255319,0.7168614344933284,0.6170212765957447,1.017730496453901,0.1489361702127659,0.7168614344933284,0.0286623477935791,5.0,fixed-512-64,bge-m3,dense-k5-thresh,50,
0.4356636271529888,0.3829787234042553,0.2730496453900708,0.3829787234042553,0.3829787234042553,0.4042553191489361,0.8085106382978723,0.3758865248226951,0.6276601446730531,0.574468085106383,1.2375886524822697,0.3574468085106383,0.8238279360863265,0.6170212765957447,2.067375886524822,0.3021276595744681,1.11997483502357,0.0437857437133789,12.56,fixed-512-64,bge-m3,dense-k5-neigh,50,
0.5429078014184398,0.425531914893617,0.3049645390070922,0.425531914893617,0.425531914893617,0.6382978723404256,0.8546099290780143,0.3971631205673758,0.6828868095168229,0.723404255319149,1.3156028368794326,0.374468085106383,0.8914020828990036,0.723404255319149,1.3156028368794326,0.1872340425531915,0.8914020828990036,0.0337758588790893,5.0,fixed-512-64,bge-m3,hybrid-k5,50,
0.6424012158054712,0.5531914893617021,0.400709219858156,0.5531914893617021,0.5531914893617021,0.7021276595744681,0.9397163120567376,0.4468085106382978,0.7813133499888005,0.7659574468085106,1.3368794326241134,0.3914893617021276,0.9632710505330808,0.7872340425531915,2.141843971631205,0.3234042553191489,1.2551548668098205,1.159173936843872,20.0,fixed-512-64,bge-m3,dense-k20-rerank5,50,
0.5911347517730496,0.4680851063829787,0.3475177304964539,0.4680851063829787,0.4680851063829787,0.7021276595744681,0.776595744680851,0.3758865248226949,0.6509657751402756,0.7872340425531915,1.2092198581560285,0.3531914893617021,0.8479592572465288,0.7872340425531915,1.2092198581560285,0.176595744680851,0.8479592572465288,0.0202712249755859,5.0,fixed-512-64,granite-311m-ml,dense-k5,50,
0.5934988179669031,0.4680851063829787,0.3475177304964539,0.4680851063829787,0.4680851063829787,0.7021276595744681,0.776595744680851,0.3758865248226949,0.6509657751402756,0.7872340425531915,1.2092198581560285,0.3531914893617021,0.8479592572465288,0.8085106382978723,1.900709219858156,0.2787234042553191,1.0914615214466203,0.0161082410812377,10.0,fixed-512-64,granite-311m-ml,dense-k10,50,
0.5911347517730496,0.4680851063829787,0.3475177304964539,0.4680851063829787,0.4680851063829787,0.7021276595744681,0.776595744680851,0.3758865248226949,0.6509657751402756,0.7872340425531915,1.2092198581560285,0.3531914893617021,0.8479592572465288,0.7872340425531915,1.2092198581560285,0.176595744680851,0.8479592572465288,0.0159131479263305,5.0,fixed-512-64,granite-311m-ml,dense-k5-thresh,50,
0.5381783700932637,0.4680851063829787,0.3475177304964539,0.4680851063829787,0.4680851063829787,0.5319148936170213,1.0212765957446808,0.4609929078014184,0.7890689885950029,0.6595744680851063,1.450354609929078,0.4085106382978724,0.9855974893920116,0.7659574468085106,2.333333333333333,0.3404255319148936,1.299535182684881,0.039222068786621,12.32,fixed-512-64,granite-311m-ml,dense-k5-neigh,50,
0.6425531914893617,0.5319148936170213,0.3900709219858155,0.5319148936170213,0.5319148936170213,0.723404255319149,0.9609929078014184,0.4326241134751772,0.7776227408160109,0.8297872340425532,1.3156028368794326,0.3744680851063829,0.9451944617002136,0.8297872340425532,1.3156028368794326,0.1872340425531914,0.9451944617002136,0.0261325502395629,5.0,fixed-512-64,granite-311m-ml,hybrid-k5,50,
0.6434650455927052,0.5106382978723404,0.3723404255319149,0.5106382978723404,0.5106382978723404,0.7872340425531915,1.1241134751773048,0.5177304964539007,0.8692062916340177,0.8085106382978723,1.4574468085106382,0.4212765957446808,1.0255388395710112,0.8297872340425532,2.3297872340425534,0.351063829787234,1.3461576541524192,2.5755507230758665,20.0,fixed-512-64,granite-311m-ml,dense-k20-rerank5,50,
,,,,,,,,,,,,,,,,,,,fixed-512-64,jina-v3,dense-k5,50,retriever_init_failed: [Errno 2] No such file or directory: '/home/tlab/.cache/huggingface/modules/transformers_modules/jinaai/xlm_hyphen_roberta_hyphen_flash_hyphen_implementation/845308d0fd72a8406a3e378450e1a09522790419/block.py'
,,,,,,,,,,,,,,,,,,,fixed-512-64,jina-v3,dense-k10,50,retriever_init_failed_embedding_cached: [Errno 2] No such file or directory: '/home/tlab/.cache/huggingface/modules/transformers_modules/jinaai/xlm_hyphen_roberta_hyphen_flash_hyphen_implementation/845308d0fd72a8406a3e378450e1a09522790419/block.py'
,,,,,,,,,,,,,,,,,,,fixed-512-64,jina-v3,dense-k5-thresh,50,retriever_init_failed_embedding_cached: [Errno 2] No such file or directory: '/home/tlab/.cache/huggingface/modules/transformers_modules/jinaai/xlm_hyphen_roberta_hyphen_flash_hyphen_implementation/845308d0fd72a8406a3e378450e1a09522790419/block.py'
,,,,,,,,,,,,,,,,,,,fixed-512-64,jina-v3,dense-k5-neigh,50,retriever_init_failed_embedding_cached: [Errno 2] No such file or directory: '/home/tlab/.cache/huggingface/modules/transformers_modules/jinaai/xlm_hyphen_roberta_hyphen_flash_hyphen_implementation/845308d0fd72a8406a3e378450e1a09522790419/block.py'
,,,,,,,,,,,,,,,,,,,fixed-512-64,jina-v3,hybrid-k5,50,retriever_init_failed_embedding_cached: [Errno 2] No such file or directory: '/home/tlab/.cache/huggingface/modules/transformers_modules/jinaai/xlm_hyphen_roberta_hyphen_flash_hyphen_implementation/845308d0fd72a8406a3e378450e1a09522790419/block.py'
,,,,,,,,,,,,,,,,,,,fixed-512-64,jina-v3,dense-k20-rerank5,50,retriever_init_failed_embedding_cached: [Errno 2] No such file or directory: '/home/tlab/.cache/huggingface/modules/transformers_modules/jinaai/xlm_hyphen_roberta_hyphen_flash_hyphen_implementation/845308d0fd72a8406a3e378450e1a09522790419/block.py'
,,,,,,,,,,,,,,,,,,,fixed-512-64,jina-v2-base-en,dense-k5,50,"retriever_init_failed: CUDA out of memory. Tried to allocate 35.33 GiB. GPU 0 has a total capacity of 119.64 GiB of which 7.38 GiB is free. Process 80383 has 86.20 GiB memory in use. Including non-PyTorch memory, this process has 11.04 GiB memory in use. Of the allocated memory 10.71 GiB is allocated by PyTorch, and 135.61 MiB is reserved by PyTorch but unallocated. If reserved but unallocated memory is large try setting PYTORCH_CUDA_ALLOC_CONF=expandable_segments:True to avoid fragmentation.  See documentation for Memory Management  (https://docs.pytorch.org/docs/stable/notes/cuda.html#optimizing-memory-usage-with-pytorch-cuda-alloc-conf)"
,,,,,,,,,,,,,,,,,,,fixed-512-64,jina-v2-base-en,dense-k10,50,"retriever_init_failed_cached: CUDA out of memory. Tried to allocate 35.33 GiB. GPU 0 has a total capacity of 119.64 GiB of which 7.38 GiB is free. Process 80383 has 86.20 GiB memory in use. Including non-PyTorch memory, this process has 11.04 GiB memory in use. Of the allocated memory 10.71 GiB is allocated by PyTorch, and 135.61 MiB is reserved by PyTorch but unallocated. If reserved but unallocated memory is large try setting PYTORCH_CUDA_ALLOC_CONF=expandable_segments:True to avoid fragmentation.  See documentation for Memory Management  (https://docs.pytorch.org/docs/stable/notes/cuda.html#optimizing-memory-usage-with-pytorch-cuda-alloc-conf)"
,,,,,,,,,,,,,,,,,,,fixed-512-64,jina-v2-base-en,dense-k5-thresh,50,"retriever_init_failed_cached: CUDA out of memory. Tried to allocate 35.33 GiB. GPU 0 has a total capacity of 119.64 GiB of which 7.38 GiB is free. Process 80383 has 86.20 GiB memory in use. Including non-PyTorch memory, this process has 11.04 GiB memory in use. Of the allocated memory 10.71 GiB is allocated by PyTorch, and 135.61 MiB is reserved by PyTorch but unallocated. If reserved but unallocated memory is large try setting PYTORCH_CUDA_ALLOC_CONF=expandable_segments:True to avoid fragmentation.  See documentation for Memory Management  (https://docs.pytorch.org/docs/stable/notes/cuda.html#optimizing-memory-usage-with-pytorch-cuda-alloc-conf)"
,,,,,,,,,,,,,,,,,,,fixed-512-64,jina-v2-base-en,dense-k5-neigh,50,"retriever_init_failed_cached: CUDA out of memory. Tried to allocate 35.33 GiB. GPU 0 has a total capacity of 119.64 GiB of which 7.38 GiB is free. Process 80383 has 86.20 GiB memory in use. Including non-PyTorch memory, this process has 11.04 GiB memory in use. Of the allocated memory 10.71 GiB is allocated by PyTorch, and 135.61 MiB is reserved by PyTorch but unallocated. If reserved but unallocated memory is large try setting PYTORCH_CUDA_ALLOC_CONF=expandable_segments:True to avoid fragmentation.  See documentation for Memory Management  (https://docs.pytorch.org/docs/stable/notes/cuda.html#optimizing-memory-usage-with-pytorch-cuda-alloc-conf)"
,,,,,,,,,,,,,,,,,,,fixed-512-64,jina-v2-base-en,hybrid-k5,50,"retriever_init_failed_cached: CUDA out of memory. Tried to allocate 35.33 GiB. GPU 0 has a total capacity of 119.64 GiB of which 7.38 GiB is free. Process 80383 has 86.20 GiB memory in use. Including non-PyTorch memory, this process has 11.04 GiB memory in use. Of the allocated memory 10.71 GiB is allocated by PyTorch, and 135.61 MiB is reserved by PyTorch but unallocated. If reserved but unallocated memory is large try setting PYTORCH_CUDA_ALLOC_CONF=expandable_segments:True to avoid fragmentation.  See documentation for Memory Management  (https://docs.pytorch.org/docs/stable/notes/cuda.html#optimizing-memory-usage-with-pytorch-cuda-alloc-conf)"
,,,,,,,,,,,,,,,,,,,fixed-512-64,jina-v2-base-en,dense-k20-rerank5,50,"retriever_init_failed_cached: CUDA out of memory. Tried to allocate 35.33 GiB. GPU 0 has a total capacity of 119.64 GiB of which 7.38 GiB is free. Process 80383 has 86.20 GiB memory in use. Including non-PyTorch memory, this process has 11.04 GiB memory in use. Of the allocated memory 10.71 GiB is allocated by PyTorch, and 135.61 MiB is reserved by PyTorch but unallocated. If reserved but unallocated memory is large try setting PYTORCH_CUDA_ALLOC_CONF=expandable_segments:True to avoid fragmentation.  See documentation for Memory Management  (https://docs.pytorch.org/docs/stable/notes/cuda.html#optimizing-memory-usage-with-pytorch-cuda-alloc-conf)"
0.6290780141843971,0.4893617021276595,0.3581560283687943,0.4893617021276595,0.4893617021276595,0.723404255319149,1.0212765957446808,0.4964539007092198,0.8071814925444188,0.851063829787234,1.5425531914893618,0.4553191489361702,1.0442157603674826,0.851063829787234,1.5425531914893618,0.2276595744680851,1.0442157603674826,0.0366008949279785,5.0,fixed-512-64,nomic-v2,dense-k5,50,
0.6344815940560622,0.4893617021276595,0.3581560283687943,0.4893617021276595,0.4893617021276595,0.723404255319149,1.0212765957446808,0.4964539007092198,0.8071814925444188,0.851063829787234,1.5425531914893618,0.4553191489361702,1.0442157603674826,0.8936170212765957,2.705673758865248,0.4,1.4535172643919332,0.0320560407638549,10.0,fixed-512-64,nomic-v2,dense-k10,50,
0.6290780141843971,0.4893617021276595,0.3581560283687943,0.4893617021276595,0.4893617021276595,0.723404255319149,1.0212765957446808,0.4964539007092198,0.8071814925444188,0.851063829787234,1.5425531914893618,0.4553191489361702,1.0442157603674826,0.851063829787234,1.5425531914893618,0.2276595744680851,1.0442157603674826,0.0295597600936889,5.0,fixed-512-64,nomic-v2,dense-k5-thresh,50,
0.561218273452316,0.4893617021276595,0.3581560283687943,0.4893617021276595,0.4893617021276595,0.5106382978723404,1.053191489361702,0.4822695035460992,0.8151603584999161,0.723404255319149,1.6631205673758866,0.4808510638297872,1.0971910555238047,0.8085106382978723,2.801418439716312,0.425531914893617,1.5159828109089133,0.0589823722839355,12.0,fixed-512-64,nomic-v2,dense-k5-neigh,50,
0.6195035460992907,0.5106382978723404,0.3794326241134752,0.5106382978723404,0.5106382978723404,0.723404255319149,0.9822695035460994,0.4539007092198581,0.7903698870659924,0.7659574468085106,1.574468085106383,0.4425531914893617,1.0567599845191282,0.7659574468085106,1.574468085106383,0.2212765957446808,1.0567599845191282,0.0400608491897583,5.0,fixed-512-64,nomic-v2,hybrid-k5,50,
0.6291120227290441,0.4680851063829787,0.3297872340425531,0.4680851063829787,0.4680851063829787,0.723404255319149,1.0070921985815602,0.4822695035460992,0.791253148325824,0.8085106382978723,1.5212765957446808,0.4468085106382978,1.0295146141712586,0.8723404255319149,2.680851063829788,0.3936170212765957,1.4456120440847575,0.7631327152252197,20.0,fixed-512-64,nomic-v2,dense-k20-rerank5,50,
0.6861702127659575,0.5957446808510638,0.4432624113475177,0.5957446808510638,0.5957446808510638,0.7872340425531915,1.1702127659574468,0.5460992907801419,0.9210386773448984,0.8085106382978723,1.6737588652482267,0.476595744680851,1.1454418299035074,0.8085106382978723,1.6737588652482267,0.2382978723404255,1.1454418299035074,0.2600399923324585,5.0,fixed-512-64,qwen3-embed-8b,dense-k5,50,
0.6922492401215805,0.5957446808510638,0.4432624113475177,0.5957446808510638,0.5957446808510638,0.7872340425531915,1.1702127659574468,0.5460992907801419,0.9210386773448984,0.8085106382978723,1.6737588652482267,0.476595744680851,1.1454418299035074,0.851063829787234,2.6134751773049647,0.3893617021276596,1.4871369310197131,0.2589177989959716,10.0,fixed-512-64,qwen3-embed-8b,dense-k10,50,
0.6861702127659575,0.5957446808510638,0.4432624113475177,0.5957446808510638,0.5957446808510638,0.7872340425531915,1.1702127659574468,0.5460992907801419,0.9210386773448984,0.8085106382978723,1.6737588652482267,0.476595744680851,1.1454418299035074,0.8085106382978723,1.6737588652482267,0.2382978723404255,1.1454418299035074,0.2583848714828491,5.0,fixed-512-64,qwen3-embed-8b,dense-k5-thresh,50,
0.6389057750759879,0.5957446808510638,0.4432624113475177,0.5957446808510638,0.5957446808510638,0.5957446808510638,1.2234042553191489,0.5602836879432624,0.9642228362335296,0.723404255319149,1.7482269503546095,0.502127659574468,1.2071681209802425,0.8085106382978723,2.9148936170212765,0.4212765957446808,1.6251664159091468,0.2806391716003418,11.82,fixed-512-64,qwen3-embed-8b,dense-k5-neigh,50,
0.7177304964539007,0.6595744680851063,0.4964539007092199,0.6595744680851063,0.6595744680851063,0.7659574468085106,1.1737588652482271,0.524822695035461,0.9491652227318792,0.8085106382978723,1.6241134751773048,0.4553191489361702,1.157141666378099,0.8085106382978723,1.6241134751773048,0.2276595744680851,1.157141666378099,0.2675482988357544,5.0,fixed-512-64,qwen3-embed-8b,hybrid-k5,50,
0.6430091185410335,0.5106382978723404,0.3687943262411347,0.5106382978723404,0.5106382978723404,0.7446808510638298,1.0957446808510638,0.5177304964539007,0.8514427523497764,0.8085106382978723,1.578014184397163,0.4553191489361702,1.0715556765017602,0.8936170212765957,2.6560283687943262,0.3936170212765957,1.454069620767541,1.24956627368927,20.0,fixed-512-64,qwen3-embed-8b,dense-k20-rerank5,50,
,,,,,,,,,,,,,,,,,,,fixed-512-64,gte-qwen2-7b,dense-k5,50,retriever_init_failed: 'DynamicCache' object has no attribute 'get_usable_length'
,,,,,,,,,,,,,,,,,,,fixed-512-64,gte-qwen2-7b,dense-k10,50,retriever_init_failed_cached: 'DynamicCache' object has no attribute 'get_usable_length'
,,,,,,,,,,,,,,,,,,,fixed-512-64,gte-qwen2-7b,dense-k5-thresh,50,retriever_init_failed_cached: 'DynamicCache' object has no attribute 'get_usable_length'
,,,,,,,,,,,,,,,,,,,fixed-512-64,gte-qwen2-7b,dense-k5-neigh,50,retriever_init_failed_cached: 'DynamicCache' object has no attribute 'get_usable_length'
,,,,,,,,,,,,,,,,,,,fixed-512-64,gte-qwen2-7b,hybrid-k5,50,retriever_init_failed_cached: 'DynamicCache' object has no attribute 'get_usable_length'
,,,,,,,,,,,,,,,,,,,fixed-512-64,gte-qwen2-7b,dense-k20-rerank5,50,retriever_init_failed_cached: 'DynamicCache' object has no attribute 'get_usable_length'
,,,,,,,,,,,,,,,,,,,fixed-512-64,nv-embed-v2,dense-k5,50,retriever_init_failed: 'DynamicCache' object has no attribute 'get_usable_length'
,,,,,,,,,,,,,,,,,,,fixed-512-64,nv-embed-v2,dense-k10,50,retriever_init_failed_cached: 'DynamicCache' object has no attribute 'get_usable_length'
,,,,,,,,,,,,,,,,,,,fixed-512-64,nv-embed-v2,dense-k5-thresh,50,retriever_init_failed_cached: 'DynamicCache' object has no attribute 'get_usable_length'
,,,,,,,,,,,,,,,,,,,fixed-512-64,nv-embed-v2,dense-k5-neigh,50,retriever_init_failed_cached: 'DynamicCache' object has no attribute 'get_usable_length'
,,,,,,,,,,,,,,,,,,,fixed-512-64,nv-embed-v2,hybrid-k5,50,retriever_init_failed_cached: 'DynamicCache' object has no attribute 'get_usable_length'
,,,,,,,,,,,,,,,,,,,fixed-512-64,nv-embed-v2,dense-k20-rerank5,50,retriever_init_failed_cached: 'DynamicCache' object has no attribute 'get_usable_length'
0.4932624113475177,0.3829787234042553,0.25177304964539,0.3829787234042553,0.3829787234042553,0.5957446808510638,0.7482269503546101,0.3546099290780142,0.5860294992971065,0.6808510638297872,1.1134751773049645,0.3319148936170213,0.7575045583337071,0.6808510638297872,1.1134751773049645,0.1659574468085106,0.7575045583337071,0.0403938245773315,5.0,fixed-512-64,camembert-large,dense-k5,50,
0.5027186761229314,0.3829787234042553,0.25177304964539,0.3829787234042553,0.3829787234042553,0.5957446808510638,0.7482269503546101,0.3546099290780142,0.5860294992971065,0.6808510638297872,1.1134751773049645,0.3319148936170213,0.7575045583337071,0.7446808510638298,1.929078014184397,0.2914893617021276,1.0489866403161376,0.0239647340774536,10.0,fixed-512-64,camembert-large,dense-k10,50,
0.4932624113475177,0.3829787234042553,0.25177304964539,0.3829787234042553,0.3829787234042553,0.5957446808510638,0.7482269503546101,0.3546099290780142,0.5860294992971065,0.6808510638297872,1.1134751773049645,0.3319148936170213,0.7575045583337071,0.6808510638297872,1.1134751773049645,0.1659574468085106,0.7575045583337071,0.0230959892272949,5.0,fixed-512-64,camembert-large,dense-k5-thresh,50,
0.4359184550673912,0.3829787234042553,0.25177304964539,0.3829787234042553,0.3829787234042553,0.3829787234042553,0.7127659574468085,0.3687943262411347,0.5778274059923143,0.5106382978723404,1.180851063829787,0.3489361702127659,0.784908943011264,0.6382978723404256,2.070921985815603,0.3085106382978723,1.1041467694765554,0.0459750175476074,12.48,fixed-512-64,camembert-large,dense-k5-neigh,50,
0.5212765957446809,0.4042553191489361,0.2943262411347517,0.4042553191489361,0.4042553191489361,0.6170212765957447,0.8333333333333335,0.3971631205673759,0.6569900984976079,0.7021276595744681,1.2234042553191489,0.3617021276595745,0.8380143827109445,0.7021276595744681,1.2234042553191489,0.1808510638297872,0.8380143827109445,0.0320843362808227,5.0,fixed-512-64,camembert-large,hybrid-k5,50,
0.5676484567442014,0.4468085106382978,0.3085106382978723,0.4468085106382978,0.4468085106382978,0.6595744680851063,0.9007092198581559,0.425531914893617,0.7067197765903734,0.723404255319149,1.319148936170213,0.3829787234042554,0.8978408081574916,0.7659574468085106,2.1702127659574466,0.3212765957446808,1.205078904113918,0.7302558517456055,20.0,fixed-512-64,camembert-large,dense-k20-rerank5,50,
0.6407801418439717,0.5319148936170213,0.3900709219858156,0.5319148936170213,0.5319148936170213,0.723404255319149,1.0780141843971631,0.4964539007092198,0.8530995754742697,0.8085106382978723,1.6134751773049647,0.4553191489361702,1.0952927919037356,0.8085106382978723,1.6134751773049647,0.2276595744680851,1.0952927919037356,0.0308531332015991,5.0,fixed-512-64,solon-large,dense-k5,50,
0.65,0.5319148936170213,0.3900709219858156,0.5319148936170213,0.5319148936170213,0.723404255319149,1.0780141843971631,0.4964539007092198,0.8530995754742697,0.8085106382978723,1.6134751773049647,0.4553191489361702,1.0952927919037356,0.8723404255319149,2.6560283687943262,0.3787234042553191,1.4621881539049333,0.0240715169906616,10.0,fixed-512-64,solon-large,dense-k10,50,
0.6365248226950354,0.5319148936170213,0.3900709219858156,0.5319148936170213,0.5319148936170213,0.723404255319149,1.0673758865248228,0.4893617021276595,0.8465767329980415,0.7872340425531915,1.570921985815603,0.4425531914893617,1.075492278789128,0.7872340425531915,1.570921985815603,0.2212765957446808,1.075492278789128,0.023463225364685,4.42,fixed-512-64,solon-large,dense-k5-thresh,50,
0.5867683734705011,0.5319148936170213,0.3900709219858156,0.5319148936170213,0.5319148936170213,0.5531914893617021,1.1382978723404256,0.5177304964539008,0.8817758851716494,0.7021276595744681,1.833333333333333,0.5106382978723404,1.1952305574092257,0.7872340425531915,2.9219858156028367,0.4170212765957446,1.5825027186483045,0.0455459403991699,12.28,fixed-512-64,solon-large,dense-k5-neigh,50,
0.5716312056737588,0.4893617021276595,0.3794326241134752,0.4893617021276595,0.4893617021276595,0.6382978723404256,0.9822695035460994,0.4468085106382978,0.7816917023463751,0.7021276595744681,1.553191489361702,0.4382978723404255,1.0407810776767588,0.7021276595744681,1.553191489361702,0.2191489361702127,1.0407810776767588,0.0320584249496459,5.0,fixed-512-64,solon-large,hybrid-k5,50,
0.6408687943262411,0.5319148936170213,0.3687943262411347,0.5319148936170213,0.5319148936170213,0.7446808510638298,1.0709219858156027,0.5035460992907801,0.8444614948370389,0.7446808510638298,1.6702127659574468,0.4765957446808511,1.1147141836207566,0.851063829787234,2.8262411347517733,0.402127659574468,1.5167915681544075,0.7493986511230468,20.0,fixed-512-64,solon-large,dense-k20-rerank5,50,
0.5758865248226951,0.4680851063829787,0.326241134751773,0.4680851063829787,0.4680851063829787,0.6595744680851063,1.0,0.4680851063829786,0.77222881465298,0.7446808510638298,1.5602836879432629,0.4425531914893618,1.0229046901596297,0.7446808510638298,1.5602836879432629,0.2212765957446809,1.0229046901596297,0.0229459381103515,5.0,fixed-512-64,bilingual-fr-en,dense-k5,50,
0.5842451874366769,0.4680851063829787,0.326241134751773,0.4680851063829787,0.4680851063829787,0.6595744680851063,1.0,0.4680851063829786,0.77222881465298,0.7446808510638298,1.5602836879432629,0.4425531914893618,1.0229046901596297,0.8085106382978723,2.719858156028369,0.3957446808510639,1.4409676904365656,0.0236789655685424,10.0,fixed-512-64,bilingual-fr-en,dense-k10,50,
0.5758865248226951,0.4680851063829787,0.326241134751773,0.4680851063829787,0.4680851063829787,0.6595744680851063,1.0,0.4680851063829786,0.77222881465298,0.7446808510638298,1.5602836879432629,0.4425531914893618,1.0229046901596297,0.7446808510638298,1.5602836879432629,0.2212765957446809,1.0229046901596297,0.0231711912155151,5.0,fixed-512-64,bilingual-fr-en,dense-k5-thresh,50,
0.5219021522213011,0.4680851063829787,0.326241134751773,0.4680851063829787,0.4680851063829787,0.4893617021276595,0.9787234042553192,0.4680851063829787,0.762920232739061,0.6170212765957447,1.5780141843971631,0.4510638297872341,1.0326034422370416,0.7021276595744681,2.6134751773049647,0.3808510638297873,1.40065887636951,0.0457699251174926,12.08,fixed-512-64,bilingual-fr-en,dense-k5-neigh,50,
0.6046099290780143,0.5106382978723404,0.3900709219858156,0.5106382978723404,0.5106382978723404,0.723404255319149,0.9822695035460994,0.4468085106382978,0.7865064765066073,0.7446808510638298,1.4964539007092197,0.4212765957446808,1.0215509102950548,0.7446808510638298,1.4964539007092197,0.2106382978723404,1.0215509102950548,0.0315609216690063,5.0,fixed-512-64,bilingual-fr-en,hybrid-k5,50,
0.6174772036474164,0.4468085106382978,0.3191489361702128,0.4468085106382978,0.4468085106382978,0.7446808510638298,1.0921985815602837,0.5106382978723404,0.8255754290229614,0.8297872340425532,1.6418439716312054,0.4638297872340425,1.0709166876261076,0.8936170212765957,2.8226950354609928,0.4106382978723404,1.4973125140514036,0.6831645631790161,20.0,fixed-512-64,bilingual-fr-en,dense-k20-rerank5,50,
0.6549645390070922,0.574468085106383,0.4113475177304964,0.574468085106383,0.574468085106383,0.723404255319149,1.0035460992907803,0.4680851063829786,0.8219064283254394,0.7659574468085106,1.482269503546099,0.4297872340425532,1.043983005641547,0.7659574468085106,1.482269503546099,0.2148936170212766,1.043983005641547,0.0871747779846191,5.0,fixed-512-64,ada-002,dense-k5,50,
0.6644208037825059,0.574468085106383,0.4113475177304964,0.574468085106383,0.574468085106383,0.723404255319149,1.0035460992907803,0.4680851063829786,0.8219064283254394,0.7659574468085106,1.482269503546099,0.4297872340425532,1.043983005641547,0.8297872340425532,2.4078014184397163,0.3489361702127659,1.372625284622643,0.0970490980148315,10.0,fixed-512-64,ada-002,dense-k10,50,
0.6549645390070922,0.574468085106383,0.4113475177304964,0.574468085106383,0.574468085106383,0.723404255319149,1.0035460992907803,0.4680851063829786,0.8219064283254394,0.7659574468085106,1.482269503546099,0.4297872340425532,1.043983005641547,0.7659574468085106,1.482269503546099,0.2148936170212766,1.043983005641547,0.095079493522644,5.0,fixed-512-64,ada-002,dense-k5-thresh,50,
0.6154938442172485,0.574468085106383,0.4113475177304964,0.574468085106383,0.574468085106383,0.5957446808510638,1.1382978723404256,0.5390070921985816,0.905459867996446,0.7021276595744681,1.6382978723404256,0.4680851063829787,1.1321918462251974,0.7446808510638298,2.73758865248227,0.3978723404255318,1.5208165397104816,0.1156777191162109,12.04,fixed-512-64,ada-002,dense-k5-neigh,50,
0.6141843971631206,0.5319148936170213,0.4113475177304965,0.5319148936170213,0.5319148936170213,0.6808510638297872,1.0035460992907803,0.4468085106382978,0.8038972339878322,0.7446808510638298,1.446808510638298,0.4085106382978723,1.0088644193787375,0.7446808510638298,1.446808510638298,0.2042553191489361,1.0088644193787375,0.105523567199707,5.0,fixed-512-64,ada-002,hybrid-k5,50,
0.647661263086795,0.5106382978723404,0.3581560283687943,0.5106382978723404,0.5106382978723404,0.7872340425531915,1.1702127659574468,0.5460992907801417,0.8907061147279937,0.8085106382978723,1.6134751773049647,0.4638297872340425,1.093315835966139,0.9148936170212766,2.705673758865248,0.3914893617021276,1.4844212992142425,0.7496088600158691,20.0,fixed-512-64,ada-002,dense-k20-rerank5,50,
0.6549645390070922,0.574468085106383,0.4113475177304964,0.574468085106383,0.574468085106383,0.723404255319149,1.0035460992907803,0.4680851063829786,0.8219064283254394,0.7659574468085106,1.482269503546099,0.4297872340425532,1.043983005641547,0.7659574468085106,1.482269503546099,0.2148936170212766,1.043983005641547,3.274625277519226,5.0,fixed-512-64,embed-3-large,dense-k5,50,
0.6644208037825059,0.574468085106383,0.4113475177304964,0.574468085106383,0.574468085106383,0.723404255319149,1.0035460992907803,0.4680851063829786,0.8219064283254394,0.7659574468085106,1.482269503546099,0.4297872340425532,1.043983005641547,0.8297872340425532,2.4290780141843973,0.351063829787234,1.378775600076215,3.293564887046814,10.0,fixed-512-64,embed-3-large,dense-k10,50,
0.6549645390070922,0.574468085106383,0.4113475177304964,0.574468085106383,0.574468085106383,0.723404255319149,1.0035460992907803,0.4680851063829786,0.8219064283254394,0.7659574468085106,1.482269503546099,0.4297872340425532,1.043983005641547,0.7659574468085106,1.482269503546099,0.2148936170212766,1.043983005641547,3.4375913667678835,5.0,fixed-512-64,embed-3-large,dense-k5-thresh,50,
0.6154938442172485,0.574468085106383,0.4113475177304964,0.574468085106383,0.574468085106383,0.5957446808510638,1.1382978723404256,0.5390070921985816,0.905459867996446,0.7021276595744681,1.6382978723404256,0.4680851063829787,1.1321918462251974,0.7446808510638298,2.73758865248227,0.3978723404255318,1.5208165397104816,3.498085870742798,12.04,fixed-512-64,embed-3-large,dense-k5-neigh,50,
0.6141843971631206,0.5319148936170213,0.4113475177304965,0.5319148936170213,0.5319148936170213,0.6808510638297872,1.0035460992907803,0.4468085106382978,0.8038972339878322,0.7446808510638298,1.446808510638298,0.4085106382978723,1.0088644193787375,0.7446808510638298,1.446808510638298,0.2042553191489361,1.0088644193787375,3.290171585083008,5.0,fixed-512-64,embed-3-large,hybrid-k5,50,
0.647661263086795,0.5106382978723404,0.3581560283687943,0.5106382978723404,0.5106382978723404,0.7872340425531915,1.1702127659574468,0.5460992907801417,0.8907061147279937,0.8085106382978723,1.6134751773049647,0.4638297872340425,1.093315835966139,0.9148936170212766,2.705673758865248,0.3914893617021276,1.4844212992142425,3.9285203790664673,20.0,fixed-512-64,embed-3-large,dense-k20-rerank5,50,
0.4014184397163119,0.2978723404255319,0.2234042553191489,0.2978723404255319,0.2978723404255319,0.4680851063829787,0.4787234042553192,0.2198581560283688,0.4013438423953661,0.574468085106383,0.7446808510638298,0.2042553191489362,0.5203436241991632,0.574468085106383,0.7446808510638298,0.1021276595744681,0.5203436241991632,0.0131732940673828,5.0,fixed-1024-128,minilm-l6,dense-k5,50,
0.4288669368456602,0.2978723404255319,0.2234042553191489,0.2978723404255319,0.2978723404255319,0.4680851063829787,0.4787234042553192,0.2198581560283688,0.4013438423953661,0.574468085106383,0.7446808510638298,0.2042553191489362,0.5203436241991632,0.7872340425531915,1.25177304964539,0.1787234042553191,0.6994582342990646,0.0119046831130981,10.0,fixed-1024-128,minilm-l6,dense-k10,50,
0.4014184397163119,0.2978723404255319,0.2234042553191489,0.2978723404255319,0.2978723404255319,0.4680851063829787,0.4787234042553192,0.2198581560283688,0.4013438423953661,0.574468085106383,0.7446808510638298,0.2042553191489362,0.5203436241991632,0.574468085106383,0.7446808510638298,0.1021276595744681,0.5203436241991632,0.0068686532974243,5.0,fixed-1024-128,minilm-l6,dense-k5-thresh,50,
0.351366482217546,0.2978723404255319,0.2234042553191489,0.2978723404255319,0.2978723404255319,0.3191489361702128,0.5106382978723404,0.2340425531914893,0.424076461619316,0.4468085106382978,0.7872340425531915,0.2212765957446808,0.5494139013224759,0.5531914893617021,1.25531914893617,0.1851063829787234,0.7195249006031462,0.0242265367507934,12.64,fixed-1024-128,minilm-l6,dense-k5-neigh,50,
0.5443262411347517,0.4680851063829787,0.3581560283687943,0.4680851063829787,0.4680851063829787,0.6170212765957447,0.7517730496453902,0.3404255319148936,0.6262497958307288,0.6808510638297872,1.017730496453901,0.2893617021276595,0.7499049841041708,0.6808510638297872,1.017730496453901,0.1446808510638297,0.7499049841041708,0.0098539543151855,5.0,fixed-1024-128,minilm-l6,hybrid-k5,50,
0.6598277608915907,0.574468085106383,0.4219858156028369,0.574468085106383,0.574468085106383,0.723404255319149,0.9113475177304964,0.4184397163120567,0.7674597151296922,0.7446808510638298,1.1241134751773048,0.3148936170212766,0.8662418135560933,0.8085106382978723,1.4645390070921989,0.2148936170212766,0.9944180776782332,1.3355010557174682,20.0,fixed-1024-128,minilm-l6,dense-k20-rerank5,50,
0.4468085106382978,0.3404255319148936,0.2553191489361702,0.3404255319148936,0.3404255319148936,0.5106382978723404,0.6170212765957447,0.2695035460992908,0.4944290913295867,0.6595744680851063,0.8794326241134751,0.2425531914893617,0.6129616602629981,0.6595744680851063,0.8794326241134751,0.1212765957446808,0.6129616602629981,0.0138414335250854,5.0,fixed-1024-128,mpnet-base,dense-k5,50,
0.4527186761229315,0.3404255319148936,0.2553191489361702,0.3404255319148936,0.3404255319148936,0.5106382978723404,0.6170212765957447,0.2695035460992908,0.4944290913295867,0.6595744680851063,0.8794326241134751,0.2425531914893617,0.6129616602629981,0.7021276595744681,1.2588652482269502,0.1829787234042553,0.7528698399189491,0.0124937915802001,10.0,fixed-1024-128,mpnet-base,dense-k10,50,
0.4468085106382978,0.3404255319148936,0.2553191489361702,0.3404255319148936,0.3404255319148936,0.5106382978723404,0.6170212765957447,0.2695035460992908,0.4944290913295867,0.6595744680851063,0.8794326241134751,0.2425531914893617,0.6129616602629981,0.6595744680851063,0.8794326241134751,0.1212765957446808,0.6129616602629981,0.0108187818527221,5.0,fixed-1024-128,mpnet-base,dense-k5-thresh,50,
0.3939698008846945,0.3404255319148936,0.2553191489361702,0.3404255319148936,0.3404255319148936,0.3617021276595745,0.6276595744680851,0.2836879432624113,0.5078531286396178,0.4680851063829787,0.946808510638298,0.2638297872340425,0.653019129904805,0.5531914893617021,1.372340425531915,0.1957446808510638,0.8058994718382485,0.0309321403503417,12.66,fixed-1024-128,mpnet-base,dense-k5-neigh,50,
0.5804964539007093,0.5106382978723404,0.4042553191489361,0.5106382978723404,0.5106382978723404,0.6382978723404256,0.7730496453900708,0.3546099290780141,0.663810660447508,0.6808510638297872,1.1134751773049645,0.3191489361702128,0.818707240460129,0.6808510638297872,1.1134751773049645,0.1595744680851064,0.818707240460129,0.0178687191009521,5.0,fixed-1024-128,mpnet-base,hybrid-k5,50,
0.5818980074299223,0.4468085106382978,0.3617021276595745,0.4468085106382978,0.4468085106382978,0.7021276595744681,0.9397163120567376,0.4113475177304964,0.7406465987565883,0.7446808510638298,1.1914893617021276,0.3191489361702128,0.8535629285581073,0.7659574468085106,1.5815602836879434,0.2234042553191489,0.99754122878282,1.3983388090133666,20.0,fixed-1024-128,mpnet-base,dense-k20-rerank5,50,
0.5081560283687944,0.3829787234042553,0.2624113475177305,0.3829787234042553,0.3829787234042553,0.6170212765957447,0.7375886524822696,0.3475177304964539,0.5819140439009943,0.723404255319149,1.0567375886524824,0.2978723404255319,0.7233525958048675,0.723404255319149,1.0567375886524824,0.1489361702127659,0.7233525958048675,0.0074603843688964,5.0,fixed-1024-128,e5-small-ml,dense-k5,50,
0.5204154002026342,0.3829787234042553,0.2624113475177305,0.3829787234042553,0.3829787234042553,0.6170212765957447,0.7375886524822696,0.3475177304964539,0.5819140439009943,0.723404255319149,1.0567375886524824,0.2978723404255319,0.7233525958048675,0.8085106382978723,1.6170212765957446,0.2297872340425532,0.9242657249541942,0.0068675136566162,10.0,fixed-1024-128,e5-small-ml,dense-k10,50,
0.5081560283687944,0.3829787234042553,0.2624113475177305,0.3829787234042553,0.3829787234042553,0.6170212765957447,0.7375886524822696,0.3475177304964539,0.5819140439009943,0.723404255319149,1.0567375886524824,0.2978723404255319,0.7233525958048675,0.723404255319149,1.0567375886524824,0.1489361702127659,0.7233525958048675,0.005757393836975,5.0,fixed-1024-128,e5-small-ml,dense-k5-thresh,50,
0.4531648611435845,0.3829787234042553,0.2624113475177305,0.3829787234042553,0.3829787234042553,0.4468085106382978,0.7553191489361702,0.3687943262411347,0.5977742857785735,0.5531914893617021,1.1382978723404256,0.3276595744680851,0.7676330194204336,0.6595744680851063,1.882978723404256,0.2723404255319149,1.034055253765889,0.028589277267456,11.86,fixed-1024-128,e5-small-ml,dense-k5-neigh,50,
0.5829787234042553,0.5106382978723404,0.3900709219858156,0.5106382978723404,0.5106382978723404,0.6170212765957447,0.8049645390070921,0.3758865248226951,0.6856431612621136,0.7021276595744681,1.1985815602836878,0.3404255319148936,0.862411263650215,0.7021276595744681,1.1985815602836878,0.1702127659574468,0.862411263650215,0.0124080753326416,5.0,fixed-1024-128,e5-small-ml,hybrid-k5,50,
0.6318811212428234,0.4893617021276595,0.3368794326241134,0.4893617021276595,0.4893617021276595,0.7446808510638298,1.024822695035461,0.4680851063829787,0.79687030183815,0.7872340425531915,1.407801418439716,0.4000000000000001,0.9755361257983972,0.8723404255319149,1.9680851063829787,0.2808510638297872,1.173893437150048,1.4143978548049927,20.0,fixed-1024-128,e5-small-ml,dense-k20-rerank5,50,
0.6648936170212766,0.5957446808510638,0.4113475177304964,0.5957446808510638,0.5957446808510638,0.7021276595744681,0.8439716312056739,0.4113475177304964,0.7182977267494768,0.8085106382978723,1.3900709219858158,0.4127659574468086,0.9696871553126988,0.8085106382978723,1.3900709219858158,0.2063829787234043,0.9696871553126988,0.0108197450637817,5.0,fixed-1024-128,e5-base-ml,dense-k5,50,
0.6724248564674097,0.5957446808510638,0.4113475177304964,0.5957446808510638,0.5957446808510638,0.7021276595744681,0.8439716312056739,0.4113475177304964,0.7182977267494768,0.8085106382978723,1.3900709219858158,0.4127659574468086,0.9696871553126988,0.8723404255319149,2.148936170212766,0.3212765957446808,1.241926004462025,0.0105717086791992,10.0,fixed-1024-128,e5-base-ml,dense-k10,50,
0.6648936170212766,0.5957446808510638,0.4113475177304964,0.5957446808510638,0.5957446808510638,0.7021276595744681,0.8439716312056739,0.4113475177304964,0.7182977267494768,0.8085106382978723,1.3900709219858158,0.4127659574468086,0.9696871553126988,0.8085106382978723,1.3900709219858158,0.2063829787234043,0.9696871553126988,0.0096855115890502,5.0,fixed-1024-128,e5-base-ml,dense-k5-thresh,50,
0.6293313069908815,0.5957446808510638,0.4113475177304964,0.5957446808510638,0.5957446808510638,0.5957446808510638,1.0319148936170213,0.5106382978723404,0.8532197422355912,0.6595744680851063,1.326241134751773,0.4000000000000001,0.9903384178403932,0.8085106382978723,2.3049645390070923,0.351063829787234,1.3366465096073958,0.0310407876968383,11.22,fixed-1024-128,e5-base-ml,dense-k5-neigh,50,
0.6453900709219859,0.5531914893617021,0.4219858156028369,0.5531914893617021,0.5531914893617021,0.7446808510638298,0.9397163120567376,0.4397163120567375,0.7783788753261918,0.7872340425531915,1.3439716312056738,0.3957446808510638,0.966203567186994,0.7872340425531915,1.3439716312056738,0.1978723404255319,0.966203567186994,0.0161003160476684,5.0,fixed-1024-128,e5-base-ml,hybrid-k5,50,
0.6417096496883731,0.4893617021276595,0.3475177304964539,0.4893617021276595,0.4893617021276595,0.8085106382978723,1.0957446808510638,0.5035460992907801,0.842008433119978,0.8085106382978723,1.5673758865248224,0.4553191489361702,1.0630844270523518,0.851063829787234,2.230496453900709,0.3340425531914893,1.3043982084634893,1.3670743131637573,20.0,fixed-1024-128,e5-base-ml,dense-k20-rerank5,50,
0.6514184397163121,0.574468085106383,0.4326241134751774,0.574468085106383,0.574468085106383,0.723404255319149,0.8333333333333335,0.3971631205673759,0.7269643758503043,0.7659574468085106,1.2198581560283688,0.3531914893617021,0.903305837262692,0.7659574468085106,1.2198581560283688,0.176595744680851,0.903305837262692,0.0248187255859375,5.0,fixed-1024-128,e5-large-ml,dense-k5,50,
0.6689378588314758,0.574468085106383,0.4326241134751774,0.574468085106383,0.574468085106383,0.723404255319149,0.8333333333333335,0.3971631205673759,0.7269643758503043,0.7659574468085106,1.2198581560283688,0.3531914893617021,0.903305837262692,0.8936170212765957,1.9539007092198584,0.2957446808510638,1.1736445277309593,0.0243132209777832,10.0,fixed-1024-128,e5-large-ml,dense-k10,50,
0.6514184397163121,0.574468085106383,0.4326241134751774,0.574468085106383,0.574468085106383,0.723404255319149,0.8333333333333335,0.3971631205673759,0.7269643758503043,0.7659574468085106,1.2198581560283688,0.3531914893617021,0.903305837262692,0.7659574468085106,1.2198581560283688,0.176595744680851,0.903305837262692,0.0222484636306762,5.0,fixed-1024-128,e5-large-ml,dense-k5-thresh,50,
0.6189969604863221,0.574468085106383,0.4326241134751774,0.574468085106383,0.574468085106383,0.5957446808510638,1.1595744680851063,0.524822695035461,0.9192622576640516,0.7021276595744681,1.5460992907801416,0.4340425531914894,1.0980380388234043,0.7446808510638298,2.120567375886525,0.3127659574468084,1.307657229685411,0.0401341724395752,11.24,fixed-1024-128,e5-large-ml,dense-k5-neigh,50,
0.6053191489361702,0.5106382978723404,0.3794326241134751,0.5106382978723404,0.5106382978723404,0.6808510638297872,0.9432624113475176,0.4326241134751772,0.7598592015317694,0.7659574468085106,1.3439716312056738,0.3787234042553191,0.9416333169442102,0.7659574468085106,1.3439716312056738,0.1893617021276595,0.9416333169442102,0.0299457025527954,5.0,fixed-1024-128,e5-large-ml,hybrid-k5,50,
0.6351557426025511,0.4680851063829787,0.3156028368794326,0.4680851063829787,0.4680851063829787,0.7872340425531915,1.0638297872340423,0.4964539007092198,0.8187028026527555,0.8297872340425532,1.5460992907801416,0.4468085106382978,1.044258308706689,0.8723404255319149,2.1631205673758864,0.3297872340425531,1.27735587878024,1.410862488746643,20.0,fixed-1024-128,e5-large-ml,dense-k20-rerank5,50,
0.5138297872340426,0.4468085106382978,0.3049645390070922,0.4468085106382978,0.4468085106382978,0.574468085106383,0.6666666666666667,0.3191489361702127,0.5686908062361875,0.6382978723404256,1.046099290780142,0.2978723404255319,0.7393070674179072,0.6382978723404256,1.046099290780142,0.1489361702127659,0.7393070674179072,0.0251141500473022,5.0,fixed-1024-128,bge-m3,dense-k5,50,
0.5274231678486998,0.4468085106382978,0.3049645390070922,0.4468085106382978,0.4468085106382978,0.574468085106383,0.6666666666666667,0.3191489361702127,0.5686908062361875,0.6382978723404256,1.046099290780142,0.2978723404255319,0.7393070674179072,0.7446808510638298,1.546099290780142,0.2297872340425532,0.924690092722268,0.0242483472824096,10.0,fixed-1024-128,bge-m3,dense-k10,50,
0.5138297872340426,0.4468085106382978,0.3049645390070922,0.4468085106382978,0.4468085106382978,0.574468085106383,0.6666666666666667,0.3191489361702127,0.5686908062361875,0.6382978723404256,1.046099290780142,0.2978723404255319,0.7393070674179072,0.6382978723404256,1.046099290780142,0.1489361702127659,0.7393070674179072,0.0220515012741088,5.0,fixed-1024-128,bge-m3,dense-k5-thresh,50,
0.4817265476839945,0.4468085106382978,0.3049645390070922,0.4468085106382978,0.4468085106382978,0.4680851063829787,0.851063829787234,0.4113475177304964,0.6791435657187592,0.5531914893617021,1.1595744680851063,0.3361702127659574,0.8186910962909127,0.5957446808510638,1.6843971631205672,0.2531914893617021,1.0103500993497303,0.0436020040512084,11.24,fixed-1024-128,bge-m3,dense-k5-neigh,50,
0.5964539007092198,0.4893617021276595,0.3581560283687944,0.4893617021276595,0.4893617021276595,0.7021276595744681,0.9397163120567376,0.4326241134751772,0.7431965803020968,0.7659574468085106,1.3546099290780145,0.3829787234042553,0.9323450457700232,0.7659574468085106,1.3546099290780145,0.1914893617021276,0.9323450457700232,0.030229697227478,5.0,fixed-1024-128,bge-m3,hybrid-k5,50,
0.5636524822695036,0.4042553191489361,0.2872340425531915,0.4042553191489361,0.4042553191489361,0.723404255319149,1.0354609929078016,0.4751773049645389,0.7747168346169987,0.7872340425531915,1.4148936170212767,0.4127659574468085,0.9552022890943744,0.8085106382978723,1.9007092198581563,0.2914893617021276,1.1407353392503357,1.556638512611389,20.0,fixed-1024-128,bge-m3,dense-k20-rerank5,50,
0.5609929078014184,0.4468085106382978,0.326241134751773,0.4468085106382978,0.4468085106382978,0.6595744680851063,0.7269503546099291,0.3404255319148935,0.6113991227338286,0.723404255319149,1.0638297872340423,0.3106382978723404,0.7660439544614903,0.723404255319149,1.0638297872340423,0.1553191489361702,0.7660439544614903,0.0150586795806884,5.0,fixed-1024-128,granite-311m-ml,dense-k5,50,
0.5760638297872341,0.4468085106382978,0.326241134751773,0.4468085106382978,0.4468085106382978,0.6595744680851063,0.7269503546099291,0.3404255319148935,0.6113991227338286,0.723404255319149,1.0638297872340423,0.3106382978723404,0.7660439544614903,0.8297872340425532,1.6843971631205674,0.2595744680851063,0.9948291421026514,0.0129321098327636,10.0,fixed-1024-128,granite-311m-ml,dense-k10,50,
0.5609929078014184,0.4468085106382978,0.326241134751773,0.4468085106382978,0.4468085106382978,0.6595744680851063,0.7269503546099291,0.3404255319148935,0.6113991227338286,0.723404255319149,1.0638297872340423,0.3106382978723404,0.7660439544614903,0.723404255319149,1.0638297872340423,0.1553191489361702,0.7660439544614903,0.0120510101318359,5.0,fixed-1024-128,granite-311m-ml,dense-k5-thresh,50,
0.5143617021276595,0.4468085106382978,0.326241134751773,0.4468085106382978,0.4468085106382978,0.5319148936170213,0.8723404255319149,0.4042553191489361,0.6914899319070956,0.6382978723404256,1.2269503546099292,0.3489361702127659,0.8534103009873468,0.7021276595744681,1.7340425531914894,0.2595744680851064,1.0432870163580006,0.0303482961654663,11.18,fixed-1024-128,granite-311m-ml,dense-k5-neigh,50,
0.624822695035461,0.5319148936170213,0.400709219858156,0.5319148936170213,0.5319148936170213,0.7446808510638298,0.9645390070921986,0.4397163120567376,0.782213468398145,0.7659574468085106,1.3546099290780145,0.3829787234042553,0.9599478682281076,0.7659574468085106,1.3546099290780145,0.1914893617021276,0.9599478682281076,0.0176500415802001,5.0,fixed-1024-128,granite-311m-ml,hybrid-k5,50,
0.6048885511651468,0.4468085106382978,0.3191489361702128,0.4468085106382978,0.4468085106382978,0.7446808510638298,1.0673758865248228,0.4964539007092198,0.8221421862176215,0.7872340425531915,1.5,0.4340425531914893,1.026935714378584,0.8085106382978723,1.9539007092198584,0.3,1.2019595987644116,1.542876009941101,20.0,fixed-1024-128,granite-311m-ml,dense-k20-rerank5,50,
0.6141843971631206,0.5106382978723404,0.3687943262411347,0.5106382978723404,0.5106382978723404,0.7021276595744681,0.8865248226950354,0.4255319148936171,0.729750115287995,0.7659574468085106,1.2872340425531914,0.3787234042553191,0.9148909706780144,0.7659574468085106,1.2872340425531914,0.1893617021276595,0.9148909706780144,0.0152278089523315,5.0,fixed-1024-128,jina-v3,dense-k5,50,
0.628368794326241,0.5106382978723404,0.3687943262411347,0.5106382978723404,0.5106382978723404,0.7021276595744681,0.8865248226950354,0.4255319148936171,0.729750115287995,0.7659574468085106,1.2872340425531914,0.3787234042553191,0.9148909706780144,0.851063829787234,2.141843971631205,0.3191489361702128,1.227617372499237,0.0154149436950683,10.0,fixed-1024-128,jina-v3,dense-k10,50,
0.6141843971631206,0.5106382978723404,0.3687943262411347,0.5106382978723404,0.5106382978723404,0.7021276595744681,0.8865248226950354,0.4255319148936171,0.729750115287995,0.7659574468085106,1.2872340425531914,0.3787234042553191,0.9148909706780144,0.7659574468085106,1.2872340425531914,0.1893617021276595,0.9148909706780144,0.0146619892120361,5.0,fixed-1024-128,jina-v3,dense-k5-thresh,50,
0.5670212765957446,0.5106382978723404,0.3687943262411347,0.5106382978723404,0.5106382978723404,0.5319148936170213,0.9574468085106383,0.4539007092198582,0.77222881465298,0.7021276595744681,1.450354609929078,0.4212765957446808,0.9979602094979976,0.7659574468085106,2.234042553191489,0.3319148936170212,1.2862488003337285,0.0344666337966918,11.64,fixed-1024-128,jina-v3,dense-k5-neigh,50,
0.6453900709219859,0.5319148936170213,0.400709219858156,0.5319148936170213,0.5319148936170213,0.7659574468085106,1.0815602836879432,0.4893617021276595,0.8466736528264889,0.7659574468085106,1.546099290780142,0.4425531914893617,1.064247764812016,0.7659574468085106,1.546099290780142,0.2212765957446808,1.064247764812016,0.0195681285858154,5.0,fixed-1024-128,jina-v3,hybrid-k5,50,
0.65595314850634,0.4680851063829787,0.3404255319148936,0.4680851063829787,0.4680851063829787,0.8085106382978723,1.1737588652482271,0.5390070921985815,0.8928731682854668,0.8723404255319149,1.6595744680851063,0.4723404255319148,1.1184538591095627,0.8936170212765957,2.4680851063829787,0.3638297872340426,1.414536168460239,1.516929135322571,20.0,fixed-1024-128,jina-v3,dense-k20-rerank5,50,
,,,,,,,,,,,,,,,,,,,fixed-1024-128,jina-v2-base-en,dense-k5,50,"retriever_init_failed: CUDA out of memory. Tried to allocate 112.19 GiB. GPU 0 has a total capacity of 119.64 GiB of which 79.81 GiB is free. Including non-PyTorch memory, this process has 19.25 GiB memory in use. Of the allocated memory 18.98 GiB is allocated by PyTorch, and 59.24 MiB is reserved by PyTorch but unallocated. If reserved but unallocated memory is large try setting PYTORCH_CUDA_ALLOC_CONF=expandable_segments:True to avoid fragmentation.  See documentation for Memory Management  (https://docs.pytorch.org/docs/stable/notes/cuda.html#optimizing-memory-usage-with-pytorch-cuda-alloc-conf)"
,,,,,,,,,,,,,,,,,,,fixed-1024-128,jina-v2-base-en,dense-k10,50,"retriever_init_failed_cached: CUDA out of memory. Tried to allocate 112.19 GiB. GPU 0 has a total capacity of 119.64 GiB of which 79.81 GiB is free. Including non-PyTorch memory, this process has 19.25 GiB memory in use. Of the allocated memory 18.98 GiB is allocated by PyTorch, and 59.24 MiB is reserved by PyTorch but unallocated. If reserved but unallocated memory is large try setting PYTORCH_CUDA_ALLOC_CONF=expandable_segments:True to avoid fragmentation.  See documentation for Memory Management  (https://docs.pytorch.org/docs/stable/notes/cuda.html#optimizing-memory-usage-with-pytorch-cuda-alloc-conf)"
,,,,,,,,,,,,,,,,,,,fixed-1024-128,jina-v2-base-en,dense-k5-thresh,50,"retriever_init_failed_cached: CUDA out of memory. Tried to allocate 112.19 GiB. GPU 0 has a total capacity of 119.64 GiB of which 79.81 GiB is free. Including non-PyTorch memory, this process has 19.25 GiB memory in use. Of the allocated memory 18.98 GiB is allocated by PyTorch, and 59.24 MiB is reserved by PyTorch but unallocated. If reserved but unallocated memory is large try setting PYTORCH_CUDA_ALLOC_CONF=expandable_segments:True to avoid fragmentation.  See documentation for Memory Management  (https://docs.pytorch.org/docs/stable/notes/cuda.html#optimizing-memory-usage-with-pytorch-cuda-alloc-conf)"
,,,,,,,,,,,,,,,,,,,fixed-1024-128,jina-v2-base-en,dense-k5-neigh,50,"retriever_init_failed_cached: CUDA out of memory. Tried to allocate 112.19 GiB. GPU 0 has a total capacity of 119.64 GiB of which 79.81 GiB is free. Including non-PyTorch memory, this process has 19.25 GiB memory in use. Of the allocated memory 18.98 GiB is allocated by PyTorch, and 59.24 MiB is reserved by PyTorch but unallocated. If reserved but unallocated memory is large try setting PYTORCH_CUDA_ALLOC_CONF=expandable_segments:True to avoid fragmentation.  See documentation for Memory Management  (https://docs.pytorch.org/docs/stable/notes/cuda.html#optimizing-memory-usage-with-pytorch-cuda-alloc-conf)"
,,,,,,,,,,,,,,,,,,,fixed-1024-128,jina-v2-base-en,hybrid-k5,50,"retriever_init_failed_cached: CUDA out of memory. Tried to allocate 112.19 GiB. GPU 0 has a total capacity of 119.64 GiB of which 79.81 GiB is free. Including non-PyTorch memory, this process has 19.25 GiB memory in use. Of the allocated memory 18.98 GiB is allocated by PyTorch, and 59.24 MiB is reserved by PyTorch but unallocated. If reserved but unallocated memory is large try setting PYTORCH_CUDA_ALLOC_CONF=expandable_segments:True to avoid fragmentation.  See documentation for Memory Management  (https://docs.pytorch.org/docs/stable/notes/cuda.html#optimizing-memory-usage-with-pytorch-cuda-alloc-conf)"
,,,,,,,,,,,,,,,,,,,fixed-1024-128,jina-v2-base-en,dense-k20-rerank5,50,"retriever_init_failed_cached: CUDA out of memory. Tried to allocate 112.19 GiB. GPU 0 has a total capacity of 119.64 GiB of which 79.81 GiB is free. Including non-PyTorch memory, this process has 19.25 GiB memory in use. Of the allocated memory 18.98 GiB is allocated by PyTorch, and 59.24 MiB is reserved by PyTorch but unallocated. If reserved but unallocated memory is large try setting PYTORCH_CUDA_ALLOC_CONF=expandable_segments:True to avoid fragmentation.  See documentation for Memory Management  (https://docs.pytorch.org/docs/stable/notes/cuda.html#optimizing-memory-usage-with-pytorch-cuda-alloc-conf)"
0.6638297872340426,0.5106382978723404,0.3687943262411348,0.5106382978723404,0.5106382978723404,0.8085106382978723,0.9716312056737588,0.4609929078014184,0.7843287065591477,0.8723404255319149,1.4326241134751772,0.4212765957446808,0.9962084883577652,0.8723404255319149,1.4326241134751772,0.2106382978723404,0.9962084883577652,0.0240072536468505,5.0,fixed-1024-128,nomic-v2,dense-k5,50,
0.666193853427896,0.5106382978723404,0.3687943262411348,0.5106382978723404,0.5106382978723404,0.8085106382978723,0.9716312056737588,0.4609929078014184,0.7843287065591477,0.8723404255319149,1.4326241134751772,0.4212765957446808,0.9962084883577652,0.8936170212765957,2.166666666666667,0.3276595744680851,1.2671301680423197,0.0234477376937866,10.0,fixed-1024-128,nomic-v2,dense-k10,50,
0.6638297872340426,0.5106382978723404,0.3687943262411348,0.5106382978723404,0.5106382978723404,0.8085106382978723,0.9716312056737588,0.4609929078014184,0.7843287065591477,0.8723404255319149,1.4326241134751772,0.4212765957446808,0.9962084883577652,0.8723404255319149,1.4326241134751772,0.2106382978723404,0.9962084883577652,0.0230094337463378,5.0,fixed-1024-128,nomic-v2,dense-k5-thresh,50,
0.5887187280804301,0.5106382978723404,0.3687943262411348,0.5106382978723404,0.5106382978723404,0.5531914893617021,0.9893617021276596,0.4751773049645389,0.7935054103976608,0.7446808510638298,1.5141843971631204,0.4468085106382978,1.0355205064749011,0.851063829787234,2.315602836879433,0.3468085106382979,1.327349848275536,0.0449263477325439,11.18,fixed-1024-128,nomic-v2,dense-k5-neigh,50,
0.6684397163120567,0.574468085106383,0.4432624113475177,0.574468085106383,0.574468085106383,0.7659574468085106,1.0390070921985817,0.4680851063829786,0.8425581974303769,0.7872340425531915,1.4929078014184398,0.4255319148936169,1.054287275208073,0.7872340425531915,1.4929078014184398,0.2127659574468084,1.054287275208073,0.028656153678894,5.0,fixed-1024-128,nomic-v2,hybrid-k5,50,
0.639387031408308,0.4680851063829787,0.3404255319148936,0.4680851063829787,0.4680851063829787,0.7872340425531915,1.1205673758865249,0.5106382978723404,0.8519706591610723,0.851063829787234,1.6347517730496453,0.4638297872340425,1.0865024440840512,0.8936170212765957,2.3404255319148937,0.348936170212766,1.3465731764750863,1.522258095741272,20.0,fixed-1024-128,nomic-v2,dense-k20-rerank5,50,
0.652127659574468,0.5531914893617021,0.400709219858156,0.5531914893617021,0.5531914893617021,0.7021276595744681,1.0425531914893618,0.4893617021276595,0.8416300807624035,0.8085106382978723,1.4184397163120566,0.4127659574468085,1.0142134488207022,0.8085106382978723,1.4184397163120566,0.2063829787234042,1.0142134488207022,0.2728771924972534,5.0,fixed-1024-128,qwen3-embed-8b,dense-k5,50,
0.6603343465045592,0.5531914893617021,0.400709219858156,0.5531914893617021,0.5531914893617021,0.7021276595744681,1.0425531914893618,0.4893617021276595,0.8416300807624035,0.8085106382978723,1.4184397163120566,0.4127659574468085,1.0142134488207022,0.8723404255319149,2.124113475177305,0.3170212765957447,1.2708216613822367,0.2643637990951538,10.0,fixed-1024-128,qwen3-embed-8b,dense-k10,50,
0.652127659574468,0.5531914893617021,0.400709219858156,0.5531914893617021,0.5531914893617021,0.7021276595744681,1.0425531914893618,0.4893617021276595,0.8416300807624035,0.8085106382978723,1.4184397163120566,0.4127659574468085,1.0142134488207022,0.8085106382978723,1.4184397163120566,0.2063829787234042,1.0142134488207022,0.2617362689971924,5.0,fixed-1024-128,qwen3-embed-8b,dense-k5-thresh,50,
0.6071922167666849,0.5531914893617021,0.400709219858156,0.5531914893617021,0.5531914893617021,0.6170212765957447,1.0957446808510638,0.5177304964539006,0.8707592349417344,0.7021276595744681,1.5460992907801416,0.451063829787234,1.0790963879716893,0.7872340425531915,2.301418439716312,0.3404255319148936,1.3528742584829454,0.2779842138290405,10.82,fixed-1024-128,qwen3-embed-8b,dense-k5-neigh,50,
0.7039007092198583,0.6595744680851063,0.5070921985815603,0.6595744680851063,0.6595744680851063,0.7446808510638298,1.0425531914893618,0.4822695035460992,0.8761470203452394,0.7659574468085106,1.443262411347518,0.4212765957446808,1.0631482530742036,0.7659574468085106,1.443262411347518,0.2106382978723404,1.0631482530742036,0.2654373550415039,5.0,fixed-1024-128,qwen3-embed-8b,hybrid-k5,50,
0.6751020846765529,0.5106382978723404,0.3687943262411347,0.5106382978723404,0.5106382978723404,0.851063829787234,1.127659574468085,0.524822695035461,0.8728456556153048,0.8723404255319149,1.6418439716312054,0.4765957446808511,1.1111048898995974,0.8936170212765957,2.4290780141843973,0.3702127659574468,1.4040495783541933,2.0266897916793822,20.0,fixed-1024-128,qwen3-embed-8b,dense-k20-rerank5,50,
,,,,,,,,,,,,,,,,,,,fixed-1024-128,gte-qwen2-7b,dense-k5,50,retriever_init_failed: 'DynamicCache' object has no attribute 'get_usable_length'
,,,,,,,,,,,,,,,,,,,fixed-1024-128,gte-qwen2-7b,dense-k10,50,retriever_init_failed_cached: 'DynamicCache' object has no attribute 'get_usable_length'
,,,,,,,,,,,,,,,,,,,fixed-1024-128,gte-qwen2-7b,dense-k5-thresh,50,retriever_init_failed_cached: 'DynamicCache' object has no attribute 'get_usable_length'
,,,,,,,,,,,,,,,,,,,fixed-1024-128,gte-qwen2-7b,dense-k5-neigh,50,retriever_init_failed_cached: 'DynamicCache' object has no attribute 'get_usable_length'
,,,,,,,,,,,,,,,,,,,fixed-1024-128,gte-qwen2-7b,hybrid-k5,50,retriever_init_failed_cached: 'DynamicCache' object has no attribute 'get_usable_length'
,,,,,,,,,,,,,,,,,,,fixed-1024-128,gte-qwen2-7b,dense-k20-rerank5,50,retriever_init_failed_cached: 'DynamicCache' object has no attribute 'get_usable_length'
,,,,,,,,,,,,,,,,,,,fixed-1024-128,nv-embed-v2,dense-k5,50,retriever_init_failed: 'DynamicCache' object has no attribute 'get_usable_length'
,,,,,,,,,,,,,,,,,,,fixed-1024-128,nv-embed-v2,dense-k10,50,retriever_init_failed_cached: 'DynamicCache' object has no attribute 'get_usable_length'
,,,,,,,,,,,,,,,,,,,fixed-1024-128,nv-embed-v2,dense-k5-thresh,50,retriever_init_failed_cached: 'DynamicCache' object has no attribute 'get_usable_length'
,,,,,,,,,,,,,,,,,,,fixed-1024-128,nv-embed-v2,dense-k5-neigh,50,retriever_init_failed_cached: 'DynamicCache' object has no attribute 'get_usable_length'
,,,,,,,,,,,,,,,,,,,fixed-1024-128,nv-embed-v2,hybrid-k5,50,retriever_init_failed_cached: 'DynamicCache' object has no attribute 'get_usable_length'
,,,,,,,,,,,,,,,,,,,fixed-1024-128,nv-embed-v2,dense-k20-rerank5,50,retriever_init_failed_cached: 'DynamicCache' object has no attribute 'get_usable_length'
0.4627659574468085,0.3617021276595745,0.25177304964539,0.3617021276595745,0.3617021276595745,0.574468085106383,0.648936170212766,0.326241134751773,0.5345748957388324,0.5957446808510638,0.9078014184397164,0.2851063829787234,0.6572295006285405,0.5957446808510638,0.9078014184397164,0.1425531914893617,0.6572295006285405,0.0294641590118408,5.0,fixed-1024-128,camembert-large,dense-k5,50,
0.4808510638297872,0.3617021276595745,0.25177304964539,0.3617021276595745,0.3617021276595745,0.574468085106383,0.648936170212766,0.326241134751773,0.5345748957388324,0.5957446808510638,0.9078014184397164,0.2851063829787234,0.6572295006285405,0.723404255319149,1.645390070921986,0.2468085106382978,0.916302089668823,0.0224155330657958,10.0,fixed-1024-128,camembert-large,dense-k10,50,
0.4627659574468085,0.3617021276595745,0.25177304964539,0.3617021276595745,0.3617021276595745,0.574468085106383,0.648936170212766,0.326241134751773,0.5345748957388324,0.5957446808510638,0.9078014184397164,0.2851063829787234,0.6572295006285405,0.5957446808510638,0.9078014184397164,0.1425531914893617,0.6572295006285405,0.0214775276184082,5.0,fixed-1024-128,camembert-large,dense-k5-thresh,50,
0.415130023640662,0.3617021276595745,0.25177304964539,0.3617021276595745,0.3617021276595745,0.3829787234042553,0.648936170212766,0.3191489361702127,0.5304594403427202,0.5531914893617021,1.1099290780141844,0.3276595744680851,0.7389747137249011,0.5957446808510638,1.6737588652482267,0.2617021276595744,0.9540993092158964,0.0397783184051513,12.06,fixed-1024-128,camembert-large,dense-k5-neigh,50,
0.5390070921985816,0.425531914893617,0.2943262411347517,0.425531914893617,0.425531914893617,0.6595744680851063,0.7907801418439717,0.3687943262411347,0.6285826907864682,0.7021276595744681,1.1702127659574468,0.3404255319148937,0.804426069284711,0.7021276595744681,1.1702127659574468,0.1702127659574468,0.804426069284711,0.0278735828399658,5.0,fixed-1024-128,camembert-large,hybrid-k5,50,
0.6433286571584445,0.5319148936170213,0.3794326241134751,0.5319148936170213,0.5319148936170213,0.723404255319149,0.9822695035460994,0.4680851063829787,0.7933278576853104,0.7872340425531915,1.3049645390070923,0.3872340425531915,0.945757067469906,0.8297872340425532,1.9645390070921989,0.2978723404255319,1.19013032615617,1.4934223222732543,20.0,fixed-1024-128,camembert-large,dense-k20-rerank5,50,
0.6595744680851063,0.574468085106383,0.4432624113475177,0.574468085106383,0.574468085106383,0.7446808510638298,0.9680851063829788,0.4539007092198581,0.8085112085028403,0.7872340425531915,1.2907801418439715,0.3787234042553191,0.9613011276711708,0.7872340425531915,1.2907801418439715,0.1893617021276595,0.9613011276711708,0.029519658088684,5.0,fixed-1024-128,solon-large,dense-k5,50,
0.6666666666666667,0.574468085106383,0.4432624113475177,0.574468085106383,0.574468085106383,0.7446808510638298,0.9680851063829788,0.4539007092198581,0.8085112085028403,0.7872340425531915,1.2907801418439715,0.3787234042553191,0.9613011276711708,0.8297872340425532,2.0,0.2914893617021276,1.21367459870987,0.0265907096862792,10.0,fixed-1024-128,solon-large,dense-k10,50,
0.6382978723404256,0.5531914893617021,0.4326241134751774,0.5531914893617021,0.5531914893617021,0.723404255319149,0.946808510638298,0.4397163120567376,0.7889426810741555,0.7659574468085106,1.2588652482269502,0.3659574468085106,0.936114129549452,0.7659574468085106,1.2588652482269502,0.1829787234042553,0.936114129549452,0.0225083351135253,4.24,fixed-1024-128,solon-large,dense-k5-thresh,50,
0.6210233029381966,0.574468085106383,0.4432624113475177,0.574468085106383,0.574468085106383,0.6170212765957447,1.127659574468085,0.5035460992907801,0.900393048999487,0.7021276595744681,1.5673758865248224,0.4425531914893616,1.1061177619302518,0.7872340425531915,2.386524822695036,0.3574468085106383,1.408216335015021,0.0415381717681884,11.62,fixed-1024-128,solon-large,dense-k5-neigh,50,
0.6354609929078013,0.5531914893617021,0.4219858156028369,0.5531914893617021,0.5531914893617021,0.723404255319149,0.9964539007092198,0.4539007092198581,0.8117209749350499,0.7446808510638298,1.4184397163120566,0.4042553191489361,1.0060997853809712,0.7446808510638298,1.4184397163120566,0.202127659574468,1.0060997853809712,0.0289071798324584,5.0,fixed-1024-128,solon-large,hybrid-k5,50,
0.674468085106383,0.5319148936170213,0.3687943262411347,0.5319148936170213,0.5319148936170213,0.8085106382978723,1.127659574468085,0.524822695035461,0.8819021926924966,0.8723404255319149,1.6099290780141842,0.4638297872340425,1.105381856822059,0.8723404255319149,2.248226950354609,0.3340425531914894,1.340007701012883,1.5263451290130616,20.0,fixed-1024-128,solon-large,dense-k20-rerank5,50,
0.6425531914893617,0.5319148936170213,0.3900709219858156,0.5319148936170213,0.5319148936170213,0.7446808510638298,0.9893617021276596,0.4609929078014184,0.7976208657937729,0.8085106382978723,1.4184397163120566,0.4085106382978723,0.9970079208251744,0.8085106382978723,1.4184397163120566,0.2042553191489361,0.9970079208251744,0.0226644039154052,5.0,fixed-1024-128,bilingual-fr-en,dense-k5,50,
0.6482269503546099,0.5319148936170213,0.3900709219858156,0.5319148936170213,0.5319148936170213,0.7446808510638298,0.9893617021276596,0.4609929078014184,0.7976208657937729,0.8085106382978723,1.4184397163120566,0.4085106382978723,0.9970079208251744,0.851063829787234,2.099290780141844,0.3085106382978723,1.238991260925531,0.022460298538208,10.0,fixed-1024-128,bilingual-fr-en,dense-k10,50,
0.6425531914893617,0.5319148936170213,0.3900709219858156,0.5319148936170213,0.5319148936170213,0.7446808510638298,0.9893617021276596,0.4609929078014184,0.7976208657937729,0.8085106382978723,1.4184397163120566,0.4085106382978723,0.9970079208251744,0.8085106382978723,1.4184397163120566,0.2042553191489361,0.9970079208251744,0.0233574724197387,5.0,fixed-1024-128,bilingual-fr-en,dense-k5-thresh,50,
0.590221598732237,0.5319148936170213,0.3900709219858156,0.5319148936170213,0.5319148936170213,0.5957446808510638,1.0638297872340423,0.4964539007092198,0.8412517284048291,0.6808510638297872,1.5141843971631204,0.4340425531914894,1.049019402149047,0.7872340425531915,2.301418439716312,0.3404255319148936,1.3330412483803218,0.0405295372009277,11.3,fixed-1024-128,bilingual-fr-en,dense-k5-neigh,50,
0.6382978723404256,0.5531914893617021,0.4219858156028369,0.5531914893617021,0.5531914893617021,0.723404255319149,0.9503546099290782,0.4326241134751772,0.7777484781318903,0.7659574468085106,1.3865248226950355,0.3914893617021276,0.9781338849858844,0.7659574468085106,1.3865248226950355,0.1957446808510638,0.9781338849858844,0.0268608427047729,5.0,fixed-1024-128,bilingual-fr-en,hybrid-k5,50,
0.6185410334346505,0.4468085106382978,0.3191489361702128,0.4468085106382978,0.4468085106382978,0.7872340425531915,1.0780141843971631,0.5035460992907801,0.8224631526241671,0.8297872340425532,1.553191489361702,0.4382978723404255,1.03827815202877,0.851063829787234,2.2695035460992905,0.3361702127659575,1.3040953931757833,1.3858864641189574,20.0,fixed-1024-128,bilingual-fr-en,dense-k20-rerank5,50,
0.7134751773049645,0.6595744680851063,0.4858156028368794,0.6595744680851063,0.6595744680851063,0.7659574468085106,0.9929078014184398,0.4680851063829787,0.8502564500855503,0.7872340425531915,1.3368794326241136,0.3914893617021277,1.0103448598154914,0.7872340425531915,1.3368794326241136,0.1957446808510638,1.0103448598154914,0.1441008615493774,5.0,fixed-1024-128,ada-002,dense-k5,50,
0.7236659912191826,0.6595744680851063,0.4858156028368794,0.6595744680851063,0.6595744680851063,0.7659574468085106,0.9929078014184398,0.4680851063829787,0.8502564500855503,0.7872340425531915,1.3368794326241136,0.3914893617021277,1.0103448598154914,0.8723404255319149,1.98581560283688,0.2957446808510638,1.241808294313857,0.080933723449707,10.0,fixed-1024-128,ada-002,dense-k10,50,
0.7134751773049645,0.6595744680851063,0.4858156028368794,0.6595744680851063,0.6595744680851063,0.7659574468085106,0.9929078014184398,0.4680851063829787,0.8502564500855503,0.7872340425531915,1.3368794326241136,0.3914893617021277,1.0103448598154914,0.7872340425531915,1.3368794326241136,0.1957446808510638,1.0103448598154914,0.078455958366394,5.0,fixed-1024-128,ada-002,dense-k5-thresh,50,
0.6862546437014522,0.6595744680851063,0.4858156028368794,0.6595744680851063,0.6595744680851063,0.6595744680851063,1.2234042553191489,0.574468085106383,0.9961377298505508,0.7446808510638298,1.6418439716312054,0.4723404255319148,1.1887628924951616,0.7872340425531915,2.2624113475177303,0.3382978723404255,1.4208166327499068,0.0963787746429443,10.82,fixed-1024-128,ada-002,dense-k5-neigh,50,
0.6223404255319149,0.4893617021276595,0.3794326241134752,0.4893617021276595,0.4893617021276595,0.7659574468085106,1.099290780141844,0.4893617021276595,0.8431141025003015,0.7872340425531915,1.4929078014184398,0.4297872340425532,1.0322648050863703,0.7872340425531915,1.4929078014184398,0.2148936170212766,1.0322648050863703,0.0882018041610717,5.0,fixed-1024-128,ada-002,hybrid-k5,50,
0.623565441650548,0.4680851063829787,0.3404255319148936,0.4680851063829787,0.4680851063829787,0.7659574468085106,1.099290780141844,0.5035460992907801,0.8357608824133507,0.8085106382978723,1.5106382978723405,0.4340425531914894,1.027316251296938,0.851063829787234,2.195035460992908,0.3276595744680851,1.2812610477571371,1.4072520923614502,20.0,fixed-1024-128,ada-002,dense-k20-rerank5,50,
0.7134751773049645,0.6595744680851063,0.4858156028368794,0.6595744680851063,0.6595744680851063,0.7659574468085106,0.9929078014184398,0.4680851063829787,0.8502564500855503,0.7872340425531915,1.3368794326241136,0.3914893617021277,1.0103448598154914,0.7872340425531915,1.3368794326241136,0.1957446808510638,1.0103448598154914,3.4894149541854858,5.0,fixed-1024-128,embed-3-large,dense-k5,50,
0.7236659912191826,0.6595744680851063,0.4858156028368794,0.6595744680851063,0.6595744680851063,0.7659574468085106,0.9929078014184398,0.4680851063829787,0.8502564500855503,0.7872340425531915,1.3368794326241136,0.3914893617021277,1.0103448598154914,0.8723404255319149,1.98581560283688,0.2957446808510638,1.241808294313857,3.2470392322540285,10.0,fixed-1024-128,embed-3-large,dense-k10,50,
0.7134751773049645,0.6595744680851063,0.4858156028368794,0.6595744680851063,0.6595744680851063,0.7659574468085106,0.9929078014184398,0.4680851063829787,0.8502564500855503,0.7872340425531915,1.3368794326241136,0.3914893617021277,1.0103448598154914,0.7872340425531915,1.3368794326241136,0.1957446808510638,1.0103448598154914,3.284341983795166,5.0,fixed-1024-128,embed-3-large,dense-k5-thresh,50,
0.6862546437014522,0.6595744680851063,0.4858156028368794,0.6595744680851063,0.6595744680851063,0.6595744680851063,1.2234042553191489,0.574468085106383,0.9961377298505508,0.7446808510638298,1.6418439716312054,0.4723404255319148,1.1887628924951616,0.7872340425531915,2.2624113475177303,0.3382978723404255,1.4208166327499068,3.263768424987793,10.82,fixed-1024-128,embed-3-large,dense-k5-neigh,50,
0.6223404255319149,0.4893617021276595,0.3794326241134752,0.4893617021276595,0.4893617021276595,0.7659574468085106,1.099290780141844,0.4893617021276595,0.8431141025003015,0.7872340425531915,1.4929078014184398,0.4297872340425532,1.0322648050863703,0.7872340425531915,1.4929078014184398,0.2148936170212766,1.0322648050863703,3.2527609777450563,5.0,fixed-1024-128,embed-3-large,hybrid-k5,50,
0.623565441650548,0.4680851063829787,0.3404255319148936,0.4680851063829787,0.4680851063829787,0.7659574468085106,1.099290780141844,0.5035460992907801,0.8357608824133507,0.8085106382978723,1.5106382978723405,0.4340425531914894,1.027316251296938,0.851063829787234,2.195035460992908,0.3276595744680851,1.2812610477571371,4.540806884765625,20.0,fixed-1024-128,embed-3-large,dense-k20-rerank5,50,
0.5148936170212766,0.4042553191489361,0.3191489361702128,0.4042553191489361,0.4042553191489361,0.5531914893617021,0.7340425531914894,0.3191489361702127,0.5974533193720277,0.7021276595744681,1.0815602836879432,0.2893617021276596,0.7523553586072617,0.7021276595744681,1.0815602836879432,0.1446808510638298,0.7523553586072617,0.0045454788208007,5.0,recursive-512-64,minilm-l6,dense-k5,50,
0.5220449172576832,0.4042553191489361,0.3191489361702128,0.4042553191489361,0.4042553191489361,0.5531914893617021,0.7340425531914894,0.3191489361702127,0.5974533193720277,0.7021276595744681,1.0815602836879432,0.2893617021276596,0.7523553586072617,0.7659574468085106,1.7411347517730495,0.2446808510638297,0.9903642915827924,0.0042158031463623,10.0,recursive-512-64,minilm-l6,dense-k10,50,
0.5148936170212766,0.4042553191489361,0.3191489361702128,0.4042553191489361,0.4042553191489361,0.5531914893617021,0.7340425531914894,0.3191489361702127,0.5974533193720277,0.7021276595744681,1.0815602836879432,0.2893617021276596,0.7523553586072617,0.7021276595744681,1.0815602836879432,0.1446808510638298,0.7523553586072617,0.0033005189895629,5.0,recursive-512-64,minilm-l6,dense-k5-thresh,50,
0.4581378432442263,0.4042553191489361,0.3191489361702128,0.4042553191489361,0.4042553191489361,0.425531914893617,0.925531914893617,0.3900709219858155,0.7039626056162794,0.5531914893617021,1.351063829787234,0.3531914893617021,0.894582321050781,0.6808510638297872,1.854609929078014,0.2574468085106383,1.0775001458587332,0.025495810508728,13.44,recursive-512-64,minilm-l6,dense-k5-neigh,50,
0.5812056737588652,0.5106382978723404,0.3829787234042553,0.5106382978723404,0.5106382978723404,0.6382978723404256,0.9751773049645388,0.4255319148936169,0.7752386006687686,0.7021276595744681,1.358156028368794,0.374468085106383,0.951107163937174,0.7021276595744681,1.358156028368794,0.1872340425531915,0.951107163937174,0.0135235166549682,5.0,recursive-512-64,minilm-l6,hybrid-k5,50,
0.6203043410490219,0.5319148936170213,0.3794326241134751,0.5319148936170213,0.5319148936170213,0.6808510638297872,1.017730496453901,0.4609929078014184,0.8101392141399014,0.7021276595744681,1.549645390070922,0.4170212765957447,1.043989325459895,0.7872340425531915,2.166666666666667,0.2978723404255319,1.2646169916845496,0.6106696510314942,20.0,recursive-512-64,minilm-l6,dense-k20-rerank5,50,
0.4812056737588652,0.3829787234042553,0.2765957446808511,0.3829787234042553,0.3829787234042553,0.5957446808510638,0.7872340425531915,0.3475177304964539,0.6025890599388057,0.6382978723404256,1.148936170212766,0.3106382978723404,0.7630734610946844,0.6382978723404256,1.148936170212766,0.1553191489361702,0.7630734610946844,0.0115492963790893,5.0,recursive-512-64,mpnet-base,dense-k5,50,
0.4973404255319149,0.3829787234042553,0.2765957446808511,0.3829787234042553,0.3829787234042553,0.5957446808510638,0.7872340425531915,0.3475177304964539,0.6025890599388057,0.6382978723404256,1.148936170212766,0.3106382978723404,0.7630734610946844,0.7659574468085106,1.74468085106383,0.2489361702127659,0.9760100275118704,0.0123423910140991,10.0,recursive-512-64,mpnet-base,dense-k10,50,
0.4812056737588652,0.3829787234042553,0.2765957446808511,0.3829787234042553,0.3829787234042553,0.5957446808510638,0.7872340425531915,0.3475177304964539,0.6025890599388057,0.6382978723404256,1.148936170212766,0.3106382978723404,0.7630734610946844,0.6382978723404256,1.148936170212766,0.1553191489361702,0.7630734610946844,0.0112066173553466,5.0,recursive-512-64,mpnet-base,dense-k5-thresh,50,
0.4311043566362714,0.3829787234042553,0.2765957446808511,0.3829787234042553,0.3829787234042553,0.3829787234042553,0.7872340425531915,0.3617021276595745,0.6170218468007127,0.5319148936170213,1.2234042553191489,0.3319148936170212,0.8078196825874395,0.6170212765957447,2.1595744680851063,0.2936170212765957,1.1344312597083988,0.0330143451690673,12.88,recursive-512-64,mpnet-base,dense-k5-neigh,50,
0.5840425531914893,0.4893617021276595,0.351063829787234,0.4893617021276595,0.4893617021276595,0.6808510638297872,0.8900709219858155,0.4042553191489361,0.7153979613099908,0.723404255319149,1.304964539007092,0.3617021276595745,0.9015403961840738,0.723404255319149,1.304964539007092,0.1808510638297872,0.9015403961840738,0.0201883697509765,5.0,recursive-512-64,mpnet-base,hybrid-k5,50,
0.568921740198336,0.4680851063829787,0.3156028368794326,0.4680851063829787,0.4680851063829787,0.6595744680851063,0.9078014184397164,0.425531914893617,0.7136666460611208,0.6808510638297872,1.319148936170213,0.3617021276595745,0.8922543734093501,0.7872340425531915,2.145390070921985,0.2978723404255319,1.1850037958838937,0.6385839223861695,20.0,recursive-512-64,mpnet-base,dense-k20-rerank5,50,
0.523758865248227,0.425531914893617,0.2730496453900708,0.425531914893617,0.425531914893617,0.6170212765957447,0.8333333333333335,0.3900709219858155,0.6509145299487729,0.6595744680851063,1.3936170212765957,0.3872340425531915,0.8991583172695995,0.6595744680851063,1.3936170212765957,0.1936170212765957,0.8991583172695995,0.0063341951370239,5.0,recursive-512-64,e5-small-ml,dense-k5,50,
0.5407463694697737,0.425531914893617,0.2730496453900708,0.425531914893617,0.425531914893617,0.6170212765957447,0.8333333333333335,0.3900709219858155,0.6509145299487729,0.6595744680851063,1.3936170212765957,0.3872340425531915,0.8991583172695995,0.7872340425531915,2.375886524822695,0.3425531914893616,1.24862462515901,0.0060626983642578,10.0,recursive-512-64,e5-small-ml,dense-k10,50,
0.523758865248227,0.425531914893617,0.2730496453900708,0.425531914893617,0.425531914893617,0.6170212765957447,0.8333333333333335,0.3900709219858155,0.6509145299487729,0.6595744680851063,1.3936170212765957,0.3872340425531915,0.8991583172695995,0.6595744680851063,1.3936170212765957,0.1936170212765957,0.8991583172695995,0.0051437902450561,5.0,recursive-512-64,e5-small-ml,dense-k5-thresh,50,
0.4761229314420804,0.425531914893617,0.2730496453900708,0.425531914893617,0.425531914893617,0.4468085106382978,0.7978723404255319,0.4113475177304964,0.6416571932263568,0.574468085106383,1.3652482269503543,0.3999999999999999,0.8926223817451494,0.6595744680851063,2.485815602836879,0.3617021276595745,1.2869766313361606,0.0273273515701293,12.46,recursive-512-64,e5-small-ml,dense-k5-neigh,50,
0.5673758865248226,0.4893617021276595,0.3581560283687944,0.4893617021276595,0.4893617021276595,0.6595744680851063,0.9716312056737588,0.4468085106382978,0.7689445560963933,0.6595744680851063,1.3439716312056738,0.374468085106383,0.9376949807165555,0.6595744680851063,1.3439716312056738,0.1872340425531915,0.9376949807165555,0.0162931871414184,5.0,recursive-512-64,e5-small-ml,hybrid-k5,50,
0.6066551443272344,0.4680851063829787,0.326241134751773,0.4680851063829787,0.4680851063829787,0.723404255319149,1.0,0.4680851063829787,0.7750145540906704,0.7446808510638298,1.4148936170212767,0.4127659574468085,0.9678882373587692,0.8297872340425532,2.49290780141844,0.3638297872340426,1.3530881573880091,0.6191231632232665,20.0,recursive-512-64,e5-small-ml,dense-k20-rerank5,50,
0.628368794326241,0.5319148936170213,0.3687943262411348,0.5319148936170213,0.5319148936170213,0.723404255319149,0.9361702127659576,0.4539007092198581,0.7563400043118039,0.7872340425531915,1.4609929078014183,0.4297872340425532,0.9959207806420796,0.7872340425531915,1.4609929078014183,0.2148936170212766,0.9959207806420796,0.0114176177978515,5.0,recursive-512-64,e5-base-ml,dense-k5,50,
0.6345744680851063,0.5319148936170213,0.3687943262411348,0.5319148936170213,0.5319148936170213,0.723404255319149,0.9361702127659576,0.4539007092198581,0.7563400043118039,0.7872340425531915,1.4609929078014183,0.4297872340425532,0.9959207806420796,0.8297872340425532,2.6134751773049647,0.3872340425531915,1.403643405599157,0.0110619926452636,10.0,recursive-512-64,e5-base-ml,dense-k10,50,
0.628368794326241,0.5319148936170213,0.3687943262411348,0.5319148936170213,0.5319148936170213,0.723404255319149,0.9361702127659576,0.4539007092198581,0.7563400043118039,0.7872340425531915,1.4609929078014183,0.4297872340425532,0.9959207806420796,0.7872340425531915,1.4609929078014183,0.2148936170212766,0.9959207806420796,0.0093561792373657,5.0,recursive-512-64,e5-base-ml,dense-k5-thresh,50,
0.581592757124672,0.5319148936170213,0.3687943262411348,0.5319148936170213,0.5319148936170213,0.5531914893617021,1.0851063829787233,0.5177304964539008,0.8508123551554752,0.6595744680851063,1.6099290780141842,0.4595744680851064,1.0858852013755564,0.7659574468085106,2.7730496453900706,0.4106382978723404,1.501148961864837,0.0319031333923339,12.32,recursive-512-64,e5-base-ml,dense-k5-neigh,50,
0.5982269503546099,0.4680851063829787,0.3475177304964539,0.4680851063829787,0.4680851063829787,0.7021276595744681,0.9929078014184398,0.4609929078014184,0.7816692746423043,0.7872340425531915,1.5602836879432622,0.4425531914893617,1.0390050021713777,0.7872340425531915,1.5602836879432622,0.2212765957446808,1.0390050021713777,0.018989405632019,5.0,recursive-512-64,e5-base-ml,hybrid-k5,50,
0.6009118541033434,0.4468085106382978,0.2943262411347517,0.4468085106382978,0.4468085106382978,0.723404255319149,0.9822695035460994,0.4751773049645389,0.7593839293457475,0.8297872340425532,1.5496453900709222,0.4468085106382978,1.0109163655891358,0.851063829787234,2.6595744680851063,0.3893617021276595,1.4064948734286842,0.6296181535720825,20.0,recursive-512-64,e5-base-ml,dense-k20-rerank5,50,
0.6042553191489362,0.4680851063829787,0.3049645390070922,0.4680851063829787,0.4680851063829787,0.7446808510638298,0.946808510638298,0.4468085106382978,0.7400618761992316,0.7872340425531915,1.5070921985815604,0.425531914893617,0.9895965615732658,0.7872340425531915,1.5070921985815604,0.2127659574468085,0.9895965615732658,0.0251239490509033,5.0,recursive-512-64,e5-large-ml,dense-k5,50,
0.6066193853427896,0.4680851063829787,0.3049645390070922,0.4680851063829787,0.4680851063829787,0.7446808510638298,0.946808510638298,0.4468085106382978,0.7400618761992316,0.7872340425531915,1.5070921985815604,0.425531914893617,0.9895965615732658,0.8085106382978723,2.528368794326241,0.3723404255319149,1.3631737606179994,0.0238714122772216,10.0,recursive-512-64,e5-large-ml,dense-k10,50,
0.6042553191489362,0.4680851063829787,0.3049645390070922,0.4680851063829787,0.4680851063829787,0.7446808510638298,0.946808510638298,0.4468085106382978,0.7400618761992316,0.7872340425531915,1.5070921985815604,0.425531914893617,0.9895965615732658,0.7872340425531915,1.5070921985815604,0.2127659574468085,0.9895965615732658,0.0226996040344238,5.0,recursive-512-64,e5-large-ml,dense-k5-thresh,50,
0.5453578336557059,0.4680851063829787,0.3049645390070922,0.4680851063829787,0.4680851063829787,0.5531914893617021,0.9361702127659576,0.4680851063829787,0.736072158118999,0.723404255319149,1.6843971631205674,0.4765957446808511,1.0631629732605477,0.7446808510638298,2.8794326241134747,0.4148936170212766,1.4893796713377776,0.0478552293777465,12.1,recursive-512-64,e5-large-ml,dense-k5-neigh,50,
0.6407801418439717,0.574468085106383,0.4113475177304965,0.574468085106383,0.574468085106383,0.6808510638297872,1.0035460992907803,0.4539007092198581,0.81327473747157,0.7659574468085106,1.528368794326241,0.4297872340425532,1.0526445123387018,0.7659574468085106,1.528368794326241,0.2148936170212766,1.0526445123387018,0.0323649549484252,5.0,recursive-512-64,e5-large-ml,hybrid-k5,50,
0.6123593900189644,0.4893617021276595,0.3368794326241134,0.4893617021276595,0.4893617021276595,0.723404255319149,1.0106382978723405,0.4822695035460992,0.7921756944392392,0.7659574468085106,1.4716312056737586,0.4382978723404255,1.0064897959848218,0.8297872340425532,2.748226950354609,0.4085106382978723,1.4564699130686731,0.6457316350936889,20.0,recursive-512-64,e5-large-ml,dense-k20-rerank5,50,
0.4574468085106382,0.3617021276595745,0.2411347517730496,0.3617021276595745,0.3617021276595745,0.574468085106383,0.6914893617021277,0.3404255319148936,0.546611831139413,0.6170212765957447,1.0354609929078016,0.3106382978723404,0.7051983413530031,0.6170212765957447,1.0354609929078016,0.1553191489361702,0.7051983413530031,0.0250159120559692,5.0,recursive-512-64,bge-m3,dense-k5,50,
0.4702380952380953,0.3617021276595745,0.2411347517730496,0.3617021276595745,0.3617021276595745,0.574468085106383,0.6914893617021277,0.3404255319148936,0.546611831139413,0.6170212765957447,1.0354609929078016,0.3106382978723404,0.7051983413530031,0.7021276595744681,1.7340425531914894,0.2617021276595744,0.9532791476260692,0.0234508514404296,10.0,recursive-512-64,bge-m3,dense-k10,50,
0.4574468085106382,0.3617021276595745,0.2411347517730496,0.3617021276595745,0.3617021276595745,0.574468085106383,0.6914893617021277,0.3404255319148936,0.546611831139413,0.6170212765957447,1.0354609929078016,0.3106382978723404,0.7051983413530031,0.6170212765957447,1.0354609929078016,0.1553191489361702,0.7051983413530031,0.0217962074279785,5.0,recursive-512-64,bge-m3,dense-k5-thresh,50,
0.409498480243161,0.3617021276595745,0.2411347517730496,0.3617021276595745,0.3617021276595745,0.3829787234042553,0.723404255319149,0.3617021276595745,0.5713045635160859,0.4680851063829787,1.0780141843971631,0.3234042553191489,0.7328642232126016,0.6170212765957447,2.1134751773049647,0.3170212765957447,1.1006961327811204,0.0444337606430053,12.94,recursive-512-64,bge-m3,dense-k5-neigh,50,
0.5460992907801417,0.425531914893617,0.3049645390070922,0.425531914893617,0.425531914893617,0.6382978723404256,0.8617021276595744,0.3971631205673758,0.6792698732396067,0.723404255319149,1.25177304964539,0.3617021276595745,0.8610768697629652,0.723404255319149,1.25177304964539,0.1808510638297872,0.8610768697629652,0.0325245857238769,5.0,recursive-512-64,bge-m3,hybrid-k5,50,
0.5742746615087041,0.4468085106382978,0.3049645390070922,0.4468085106382978,0.4468085106382978,0.6808510638297872,0.9574468085106383,0.4609929078014184,0.7455070475537653,0.7446808510638298,1.358156028368794,0.4,0.9286489166136188,0.7446808510638298,2.1524822695035457,0.3234042553191489,1.2184810572968094,0.7098633432388306,20.0,recursive-512-64,bge-m3,dense-k20-rerank5,50,
0.5336879432624114,0.4042553191489361,0.2836879432624113,0.4042553191489361,0.4042553191489361,0.6595744680851063,0.776595744680851,0.3829787234042553,0.6193029263599813,0.723404255319149,1.1737588652482271,0.3574468085106383,0.8040556560349615,0.723404255319149,1.1737588652482271,0.1787234042553191,0.8040556560349615,0.0147797584533691,5.0,recursive-512-64,granite-311m-ml,dense-k5,50,
0.5437352245862884,0.4042553191489361,0.2836879432624113,0.4042553191489361,0.4042553191489361,0.6595744680851063,0.776595744680851,0.3829787234042553,0.6193029263599813,0.723404255319149,1.1631205673758866,0.3531914893617021,0.7990088961888062,0.8085106382978723,1.847517730496454,0.2851063829787234,1.0482000480215476,0.0123387956619262,10.0,recursive-512-64,granite-311m-ml,dense-k10,50,
0.5336879432624114,0.4042553191489361,0.2836879432624113,0.4042553191489361,0.4042553191489361,0.6595744680851063,0.776595744680851,0.3829787234042553,0.6193029263599813,0.723404255319149,1.1737588652482271,0.3574468085106383,0.8040556560349615,0.723404255319149,1.1737588652482271,0.1787234042553191,0.8040556560349615,0.0123415184020996,5.0,recursive-512-64,granite-311m-ml,dense-k5-thresh,50,
0.4776849037487335,0.4042553191489361,0.2836879432624113,0.4042553191489361,0.4042553191489361,0.4680851063829787,0.8617021276595744,0.4184397163120567,0.672620723242531,0.6170212765957447,1.2801418439716312,0.3787234042553191,0.863741754809649,0.723404255319149,2.219858156028369,0.3404255319148936,1.2072897240270006,0.0417809867858886,12.14,recursive-512-64,granite-311m-ml,dense-k5-neigh,50,
0.6060283687943263,0.5106382978723404,0.3794326241134752,0.5106382978723404,0.5106382978723404,0.6808510638297872,0.9680851063829788,0.4468085106382978,0.7825461461187748,0.7446808510638298,1.358156028368794,0.3914893617021277,0.9605621681771264,0.7446808510638298,1.358156028368794,0.1957446808510638,0.9605621681771264,0.0212946271896362,5.0,recursive-512-64,granite-311m-ml,hybrid-k5,50,
0.6714631113567284,0.5957446808510638,0.4326241134751772,0.5957446808510638,0.5957446808510638,0.7021276595744681,1.0354609929078016,0.4822695035460992,0.8493050864847033,0.7659574468085106,1.5212765957446808,0.4340425531914893,1.0707363250211983,0.8297872340425532,2.375886524822695,0.3574468085106382,1.3874451809635495,0.7039235353469848,20.0,recursive-512-64,granite-311m-ml,dense-k20-rerank5,50,
0.624822695035461,0.5531914893617021,0.3794326241134751,0.5531914893617021,0.5531914893617021,0.723404255319149,1.0638297872340423,0.5035460992907801,0.8442895126792468,0.7446808510638298,1.5886524822695036,0.4510638297872341,1.079362358899328,0.7446808510638298,1.5886524822695036,0.225531914893617,1.079362358899328,0.0153617286682128,5.0,recursive-512-64,jina-v3,dense-k5,50,
0.6390070921985815,0.5531914893617021,0.3794326241134751,0.5531914893617021,0.5531914893617021,0.723404255319149,1.0638297872340423,0.5035460992907801,0.8442895126792468,0.7446808510638298,1.5886524822695036,0.4510638297872341,1.079362358899328,0.851063829787234,2.6737588652482267,0.3893617021276595,1.4666231986537213,0.0147613286972045,10.0,recursive-512-64,jina-v3,dense-k10,50,
0.624822695035461,0.5531914893617021,0.3794326241134751,0.5531914893617021,0.5531914893617021,0.723404255319149,1.0638297872340423,0.5035460992907801,0.8442895126792468,0.7446808510638298,1.5886524822695036,0.4510638297872341,1.079362358899328,0.7446808510638298,1.5886524822695036,0.225531914893617,1.079362358899328,0.0144081735610961,5.0,recursive-512-64,jina-v3,dense-k5-thresh,50,
0.5919102174421323,0.5531914893617021,0.3794326241134751,0.5531914893617021,0.5531914893617021,0.574468085106383,1.127659574468085,0.5460992907801417,0.8851346358526124,0.6808510638297872,1.769503546099291,0.5148936170212766,1.1752158861983573,0.723404255319149,2.8262411347517733,0.4127659574468085,1.5537233800877372,0.0383795976638794,11.42,recursive-512-64,jina-v3,dense-k5-neigh,50,
0.6507092198581561,0.574468085106383,0.4219858156028369,0.574468085106383,0.574468085106383,0.723404255319149,1.0957446808510638,0.5035460992907802,0.8748746903378464,0.7446808510638298,1.7411347517730495,0.4851063829787234,1.1626965136273808,0.7446808510638298,1.7411347517730495,0.2425531914893617,1.1626965136273808,0.0230440235137939,5.0,recursive-512-64,jina-v3,hybrid-k5,50,
0.628257910106932,0.5106382978723404,0.3581560283687943,0.5106382978723404,0.5106382978723404,0.7021276595744681,1.053191489361702,0.4893617021276595,0.822760872097839,0.7659574468085106,1.645390070921986,0.4680851063829788,1.0906528690673256,0.8085106382978723,2.8652482269503543,0.4191489361702126,1.528327171537729,0.7227011585235595,20.0,recursive-512-64,jina-v3,dense-k20-rerank5,50,
,,,,,,,,,,,,,,,,,,,recursive-512-64,jina-v2-base-en,dense-k5,50,"retriever_init_failed: CUDA out of memory. Tried to allocate 35.94 GiB. GPU 0 has a total capacity of 119.64 GiB of which 32.37 GiB is free. Including non-PyTorch memory, this process has 78.25 GiB memory in use. 101.69 GiB allowed; Of the allocated memory 78.01 GiB is allocated by PyTorch, and 38.42 MiB is reserved by PyTorch but unallocated. If reserved but unallocated memory is large try setting PYTORCH_CUDA_ALLOC_CONF=expandable_segments:True to avoid fragmentation.  See documentation for Memory Management  (https://docs.pytorch.org/docs/stable/notes/cuda.html#optimizing-memory-usage-with-pytorch-cuda-alloc-conf)"
,,,,,,,,,,,,,,,,,,,recursive-512-64,jina-v2-base-en,dense-k10,50,"retriever_init_failed_cached: CUDA out of memory. Tried to allocate 35.94 GiB. GPU 0 has a total capacity of 119.64 GiB of which 32.37 GiB is free. Including non-PyTorch memory, this process has 78.25 GiB memory in use. 101.69 GiB allowed; Of the allocated memory 78.01 GiB is allocated by PyTorch, and 38.42 MiB is reserved by PyTorch but unallocated. If reserved but unallocated memory is large try setting PYTORCH_CUDA_ALLOC_CONF=expandable_segments:True to avoid fragmentation.  See documentation for Memory Management  (https://docs.pytorch.org/docs/stable/notes/cuda.html#optimizing-memory-usage-with-pytorch-cuda-alloc-conf)"
,,,,,,,,,,,,,,,,,,,recursive-512-64,jina-v2-base-en,dense-k5-thresh,50,"retriever_init_failed_cached: CUDA out of memory. Tried to allocate 35.94 GiB. GPU 0 has a total capacity of 119.64 GiB of which 32.37 GiB is free. Including non-PyTorch memory, this process has 78.25 GiB memory in use. 101.69 GiB allowed; Of the allocated memory 78.01 GiB is allocated by PyTorch, and 38.42 MiB is reserved by PyTorch but unallocated. If reserved but unallocated memory is large try setting PYTORCH_CUDA_ALLOC_CONF=expandable_segments:True to avoid fragmentation.  See documentation for Memory Management  (https://docs.pytorch.org/docs/stable/notes/cuda.html#optimizing-memory-usage-with-pytorch-cuda-alloc-conf)"
,,,,,,,,,,,,,,,,,,,recursive-512-64,jina-v2-base-en,dense-k5-neigh,50,"retriever_init_failed_cached: CUDA out of memory. Tried to allocate 35.94 GiB. GPU 0 has a total capacity of 119.64 GiB of which 32.37 GiB is free. Including non-PyTorch memory, this process has 78.25 GiB memory in use. 101.69 GiB allowed; Of the allocated memory 78.01 GiB is allocated by PyTorch, and 38.42 MiB is reserved by PyTorch but unallocated. If reserved but unallocated memory is large try setting PYTORCH_CUDA_ALLOC_CONF=expandable_segments:True to avoid fragmentation.  See documentation for Memory Management  (https://docs.pytorch.org/docs/stable/notes/cuda.html#optimizing-memory-usage-with-pytorch-cuda-alloc-conf)"
,,,,,,,,,,,,,,,,,,,recursive-512-64,jina-v2-base-en,hybrid-k5,50,"retriever_init_failed_cached: CUDA out of memory. Tried to allocate 35.94 GiB. GPU 0 has a total capacity of 119.64 GiB of which 32.37 GiB is free. Including non-PyTorch memory, this process has 78.25 GiB memory in use. 101.69 GiB allowed; Of the allocated memory 78.01 GiB is allocated by PyTorch, and 38.42 MiB is reserved by PyTorch but unallocated. If reserved but unallocated memory is large try setting PYTORCH_CUDA_ALLOC_CONF=expandable_segments:True to avoid fragmentation.  See documentation for Memory Management  (https://docs.pytorch.org/docs/stable/notes/cuda.html#optimizing-memory-usage-with-pytorch-cuda-alloc-conf)"
,,,,,,,,,,,,,,,,,,,recursive-512-64,jina-v2-base-en,dense-k20-rerank5,50,"retriever_init_failed_cached: CUDA out of memory. Tried to allocate 35.94 GiB. GPU 0 has a total capacity of 119.64 GiB of which 32.37 GiB is free. Including non-PyTorch memory, this process has 78.25 GiB memory in use. 101.69 GiB allowed; Of the allocated memory 78.01 GiB is allocated by PyTorch, and 38.42 MiB is reserved by PyTorch but unallocated. If reserved but unallocated memory is large try setting PYTORCH_CUDA_ALLOC_CONF=expandable_segments:True to avoid fragmentation.  See documentation for Memory Management  (https://docs.pytorch.org/docs/stable/notes/cuda.html#optimizing-memory-usage-with-pytorch-cuda-alloc-conf)"
0.6578014184397163,0.5531914893617021,0.400709219858156,0.5531914893617021,0.5531914893617021,0.7446808510638298,1.074468085106383,0.5035460992907802,0.8570831527949763,0.8085106382978723,1.5673758865248228,0.4638297872340425,1.08753124765219,0.8085106382978723,1.5673758865248228,0.2319148936170212,1.08753124765219,0.0209019327163696,5.0,recursive-512-64,nomic-v2,dense-k5,50,
0.6694106720702465,0.5531914893617021,0.400709219858156,0.5531914893617021,0.5531914893617021,0.7446808510638298,1.074468085106383,0.5035460992907802,0.8570831527949763,0.8085106382978723,1.5673758865248228,0.4638297872340425,1.08753124765219,0.8936170212765957,2.5638297872340425,0.3851063829787234,1.4465377539470443,0.0228741931915283,10.0,recursive-512-64,nomic-v2,dense-k10,50,
0.6578014184397163,0.5531914893617021,0.400709219858156,0.5531914893617021,0.5531914893617021,0.7446808510638298,1.074468085106383,0.5035460992907802,0.8570831527949763,0.8085106382978723,1.5673758865248228,0.4638297872340425,1.08753124765219,0.8085106382978723,1.5673758865248228,0.2319148936170212,1.08753124765219,0.023404312133789,5.0,recursive-512-64,nomic-v2,dense-k5-thresh,50,
0.604871664978048,0.5531914893617021,0.400709219858156,0.5531914893617021,0.5531914893617021,0.5531914893617021,1.180851063829787,0.5460992907801417,0.9160981658687868,0.723404255319149,1.8652482269503543,0.5191489361702127,1.2215000476663644,0.8085106382978723,2.964539007092198,0.4425531914893617,1.628842899903155,0.0464008998870849,11.96,recursive-512-64,nomic-v2,dense-k5-neigh,50,
0.6602836879432624,0.5531914893617021,0.4113475177304965,0.5531914893617021,0.5531914893617021,0.7659574468085106,1.0354609929078016,0.4751773049645389,0.8332216172578292,0.8297872340425532,1.6595744680851063,0.4595744680851064,1.1113874858329933,0.8297872340425532,1.6595744680851063,0.2297872340425532,1.1113874858329933,0.0347467184066772,5.0,recursive-512-64,nomic-v2,hybrid-k5,50,
0.6270516717325229,0.4680851063829787,0.3156028368794326,0.4680851063829787,0.4680851063829787,0.7659574468085106,1.0638297872340423,0.4964539007092198,0.8097151871453823,0.8297872340425532,1.549645390070922,0.4468085106382978,1.031144194120736,0.8936170212765957,2.783687943262412,0.4063829787234043,1.471362874935794,1.0040519046783447,20.0,recursive-512-64,nomic-v2,dense-k20-rerank5,50,
0.6361702127659574,0.5106382978723404,0.3794326241134752,0.5106382978723404,0.5106382978723404,0.7446808510638298,0.9893617021276596,0.4680851063829787,0.7924277392759662,0.8297872340425532,1.5141843971631206,0.4425531914893616,1.0310738638144863,0.8297872340425532,1.5141843971631206,0.2212765957446808,1.0310738638144863,0.2528120613098144,5.0,recursive-512-64,qwen3-embed-8b,dense-k5,50,
0.6397163120567376,0.5106382978723404,0.3794326241134752,0.5106382978723404,0.5106382978723404,0.7446808510638298,0.9893617021276596,0.4680851063829787,0.7924277392759662,0.8297872340425532,1.5141843971631206,0.4425531914893616,1.0310738638144863,0.851063829787234,2.4078014184397163,0.3595744680851064,1.3470355108972438,0.2527497434616089,10.0,recursive-512-64,qwen3-embed-8b,dense-k10,50,
0.6361702127659574,0.5106382978723404,0.3794326241134752,0.5106382978723404,0.5106382978723404,0.7446808510638298,0.9893617021276596,0.4680851063829787,0.7924277392759662,0.8297872340425532,1.5141843971631206,0.4425531914893616,1.0310738638144863,0.8297872340425532,1.5141843971631206,0.2212765957446808,1.0310738638144863,0.2533147764205932,5.0,recursive-512-64,qwen3-embed-8b,dense-k5-thresh,50,
0.5725678576742407,0.5106382978723404,0.3794326241134752,0.5106382978723404,0.5106382978723404,0.5106382978723404,1.0319148936170213,0.4751773049645389,0.8179460979376069,0.723404255319149,1.5886524822695034,0.4468085106382978,1.069302645389911,0.7872340425531915,2.5070921985815606,0.376595744680851,1.4094225045294917,0.2758682537078857,12.28,recursive-512-64,qwen3-embed-8b,dense-k5-neigh,50,
0.7056737588652482,0.6382978723404256,0.4858156028368794,0.6382978723404256,0.6382978723404256,0.7872340425531915,1.0851063829787233,0.4893617021276595,0.8972289572042218,0.7872340425531915,1.5390070921985817,0.4340425531914893,1.1044478733105825,0.7872340425531915,1.5390070921985817,0.2170212765957446,1.1044478733105825,0.26164803981781,5.0,recursive-512-64,qwen3-embed-8b,hybrid-k5,50,
0.636951966473243,0.5106382978723404,0.3581560283687943,0.5106382978723404,0.5106382978723404,0.723404255319149,1.0106382978723405,0.4680851063829787,0.8029402998324271,0.8085106382978723,1.5070921985815604,0.4340425531914894,1.0287102099381191,0.851063829787234,2.5141843971631204,0.3787234042553191,1.394920450879544,0.911188898086548,20.0,recursive-512-64,qwen3-embed-8b,dense-k20-rerank5,50,
,,,,,,,,,,,,,,,,,,,recursive-512-64,gte-qwen2-7b,dense-k5,50,retriever_init_failed: 'DynamicCache' object has no attribute 'get_usable_length'
,,,,,,,,,,,,,,,,,,,recursive-512-64,gte-qwen2-7b,dense-k10,50,retriever_init_failed_cached: 'DynamicCache' object has no attribute 'get_usable_length'
,,,,,,,,,,,,,,,,,,,recursive-512-64,gte-qwen2-7b,dense-k5-thresh,50,retriever_init_failed_cached: 'DynamicCache' object has no attribute 'get_usable_length'
,,,,,,,,,,,,,,,,,,,recursive-512-64,gte-qwen2-7b,dense-k5-neigh,50,retriever_init_failed_cached: 'DynamicCache' object has no attribute 'get_usable_length'
,,,,,,,,,,,,,,,,,,,recursive-512-64,gte-qwen2-7b,hybrid-k5,50,retriever_init_failed_cached: 'DynamicCache' object has no attribute 'get_usable_length'
,,,,,,,,,,,,,,,,,,,recursive-512-64,gte-qwen2-7b,dense-k20-rerank5,50,retriever_init_failed_cached: 'DynamicCache' object has no attribute 'get_usable_length'
,,,,,,,,,,,,,,,,,,,recursive-512-64,nv-embed-v2,dense-k5,50,retriever_init_failed: 'DynamicCache' object has no attribute 'get_usable_length'
,,,,,,,,,,,,,,,,,,,recursive-512-64,nv-embed-v2,dense-k10,50,retriever_init_failed_cached: 'DynamicCache' object has no attribute 'get_usable_length'
,,,,,,,,,,,,,,,,,,,recursive-512-64,nv-embed-v2,dense-k5-thresh,50,retriever_init_failed_cached: 'DynamicCache' object has no attribute 'get_usable_length'
,,,,,,,,,,,,,,,,,,,recursive-512-64,nv-embed-v2,dense-k5-neigh,50,retriever_init_failed_cached: 'DynamicCache' object has no attribute 'get_usable_length'
,,,,,,,,,,,,,,,,,,,recursive-512-64,nv-embed-v2,hybrid-k5,50,retriever_init_failed_cached: 'DynamicCache' object has no attribute 'get_usable_length'
,,,,,,,,,,,,,,,,,,,recursive-512-64,nv-embed-v2,dense-k20-rerank5,50,retriever_init_failed_cached: 'DynamicCache' object has no attribute 'get_usable_length'
0.4872340425531914,0.3617021276595745,0.2411347517730496,0.3617021276595745,0.3617021276595745,0.5957446808510638,0.7872340425531915,0.3900709219858155,0.6118287202829059,0.6808510638297872,1.2588652482269505,0.374468085106383,0.8257514628949773,0.6808510638297872,1.2588652482269505,0.1872340425531915,0.8257514628949773,0.0243319606781005,5.0,recursive-512-64,camembert-large,dense-k5,50,
0.4974248564674096,0.3617021276595745,0.2411347517730496,0.3617021276595745,0.3617021276595745,0.5957446808510638,0.7872340425531915,0.3900709219858155,0.6118287202829059,0.6808510638297872,1.2588652482269505,0.374468085106383,0.8257514628949773,0.7659574468085106,2.095744680851064,0.3127659574468085,1.1201551038978648,0.0199079132080078,10.0,recursive-512-64,camembert-large,dense-k10,50,
0.4872340425531914,0.3617021276595745,0.2411347517730496,0.3617021276595745,0.3617021276595745,0.5957446808510638,0.7872340425531915,0.3900709219858155,0.6118287202829059,0.6808510638297872,1.2588652482269505,0.374468085106383,0.8257514628949773,0.6808510638297872,1.2588652482269505,0.1872340425531915,0.8257514628949773,0.0188291358947753,5.0,recursive-512-64,camembert-large,dense-k5-thresh,50,
0.4232023886279205,0.3617021276595745,0.2411347517730496,0.3617021276595745,0.3617021276595745,0.3617021276595745,0.7021276595744681,0.3546099290780141,0.5606662656437456,0.5319148936170213,1.2056737588652484,0.3702127659574468,0.7929463198512691,0.6595744680851063,2.368794326241135,0.3574468085106383,1.2045795733238684,0.0410924339294433,12.72,recursive-512-64,camembert-large,dense-k5-neigh,50,
0.5432624113475177,0.4468085106382978,0.3156028368794326,0.4468085106382978,0.4468085106382978,0.6808510638297872,0.9148936170212766,0.4326241134751772,0.7117577780999006,0.7021276595744681,1.269503546099291,0.3702127659574468,0.8738869170821536,0.7021276595744681,1.269503546099291,0.1851063829787234,0.8738869170821536,0.0298689985275268,5.0,recursive-512-64,camembert-large,hybrid-k5,50,
0.5988897331982438,0.4893617021276595,0.3368794326241134,0.4893617021276595,0.4893617021276595,0.7021276595744681,0.9893617021276596,0.4609929078014184,0.7715984174586785,0.7021276595744681,1.3652482269503543,0.3957446808510638,0.9449644978269992,0.7446808510638298,2.3262411347517733,0.3446808510638298,1.2947192329467223,0.6549768495559692,20.0,recursive-512-64,camembert-large,dense-k20-rerank5,50,
0.6177304964539007,0.5319148936170213,0.3794326241134752,0.5319148936170213,0.5319148936170213,0.6808510638297872,0.9929078014184398,0.4609929078014184,0.7933278576853106,0.7872340425531915,1.5815602836879432,0.4468085106382979,1.0603986270841006,0.7872340425531915,1.5815602836879432,0.2234042553191489,1.0603986270841006,0.0227597951889038,5.0,recursive-512-64,solon-large,dense-k5,50,
0.630226274907126,0.5319148936170213,0.3794326241134752,0.5319148936170213,0.5319148936170213,0.6808510638297872,0.9929078014184398,0.4609929078014184,0.7933278576853106,0.7872340425531915,1.5815602836879432,0.4468085106382979,1.0603986270841006,0.8723404255319149,2.567375886524822,0.372340425531915,1.4118336449932398,0.0206458282470703,10.0,recursive-512-64,solon-large,dense-k10,50,
0.6134751773049646,0.5319148936170213,0.3794326241134752,0.5319148936170213,0.5319148936170213,0.6808510638297872,0.9929078014184398,0.4609929078014184,0.7933278576853106,0.7659574468085106,1.549645390070922,0.4382978723404255,1.0471209564457211,0.7659574468085106,1.549645390070922,0.2191489361702127,1.0471209564457211,0.0196652317047119,4.52,recursive-512-64,solon-large,dense-k5-thresh,50,
0.5707096095393968,0.5319148936170213,0.3794326241134752,0.5319148936170213,0.5319148936170213,0.5319148936170213,1.1063829787234043,0.5177304964539008,0.864236392465506,0.5957446808510638,1.6737588652482267,0.4723404255319149,1.1191378002476144,0.7659574468085106,2.794326241134752,0.4063829787234043,1.5174697934403798,0.0419489479064941,12.34,recursive-512-64,solon-large,dense-k5-neigh,50,
0.6187943262411347,0.5531914893617021,0.4219858156028369,0.5531914893617021,0.5531914893617021,0.7021276595744681,1.0141843971631206,0.4680851063829787,0.8193727337244756,0.723404255319149,1.5106382978723405,0.425531914893617,1.0424839921295477,0.723404255319149,1.5106382978723405,0.2127659574468085,1.0424839921295477,0.0286082983016967,5.0,recursive-512-64,solon-large,hybrid-k5,50,
0.6407724663043812,0.5106382978723404,0.3475177304964539,0.5106382978723404,0.5106382978723404,0.7446808510638298,1.0673758865248228,0.4964539007092198,0.8266987747816008,0.7872340425531915,1.6028368794326242,0.4595744680851064,1.071537312421175,0.8723404255319149,2.8546099290780145,0.4148936170212765,1.5147703411304918,0.6767460680007935,20.0,recursive-512-64,solon-large,dense-k20-rerank5,50,
0.6134751773049646,0.5531914893617021,0.400709219858156,0.5531914893617021,0.5531914893617021,0.6808510638297872,1.053191489361702,0.4964539007092199,0.8397957049255601,0.723404255319149,1.5673758865248224,0.4553191489361702,1.076192330309767,0.723404255319149,1.5673758865248224,0.2276595744680851,1.076192330309767,0.0204303073883056,5.0,recursive-512-64,bilingual-fr-en,dense-k5,50,
0.6328520770010132,0.5531914893617021,0.400709219858156,0.5531914893617021,0.5531914893617021,0.6808510638297872,1.053191489361702,0.4964539007092199,0.8397957049255601,0.723404255319149,1.5673758865248224,0.4553191489361702,1.076192330309767,0.8723404255319149,2.765957446808511,0.4042553191489361,1.5023205413240388,0.0202328395843505,10.0,recursive-512-64,bilingual-fr-en,dense-k10,50,
0.6134751773049646,0.5531914893617021,0.400709219858156,0.5531914893617021,0.5531914893617021,0.6808510638297872,1.053191489361702,0.4964539007092199,0.8397957049255601,0.723404255319149,1.5673758865248224,0.4553191489361702,1.076192330309767,0.723404255319149,1.5673758865248224,0.2276595744680851,1.076192330309767,0.0198133039474487,5.0,recursive-512-64,bilingual-fr-en,dense-k5-thresh,50,
0.5834684228301249,0.5531914893617021,0.400709219858156,0.5531914893617021,0.5531914893617021,0.574468085106383,1.1914893617021276,0.5460992907801417,0.9202136212648988,0.6170212765957447,1.7482269503546095,0.4936170212765957,1.174365197847903,0.723404255319149,2.9219858156028367,0.4276595744680851,1.5951911116401123,0.0418362951278686,12.12,recursive-512-64,bilingual-fr-en,dense-k5-neigh,50,
0.6070921985815603,0.4893617021276595,0.3794326241134752,0.4893617021276595,0.4893617021276595,0.7446808510638298,1.1312056737588654,0.5106382978723404,0.8609745616129902,0.7659574468085106,1.6170212765957446,0.451063829787234,1.082271654280547,0.7659574468085106,1.6170212765957446,0.225531914893617,1.082271654280547,0.0288010644912719,5.0,recursive-512-64,bilingual-fr-en,hybrid-k5,50,
0.6002936779532524,0.4468085106382978,0.3049645390070922,0.4468085106382978,0.4468085106382978,0.723404255319149,1.046099290780142,0.4822695035460992,0.7899691070043472,0.8085106382978723,1.5602836879432629,0.4468085106382978,1.0220643406192198,0.851063829787234,2.748226950354609,0.402127659574468,1.4477585194558185,0.6529337167739868,20.0,recursive-512-64,bilingual-fr-en,dense-k20-rerank5,50,
0.6578014184397163,0.5531914893617021,0.400709219858156,0.5531914893617021,0.5531914893617021,0.7446808510638298,1.0851063829787233,0.5106382978723404,0.8631587213438116,0.8085106382978723,1.49645390070922,0.4340425531914894,1.0542787568106,0.8085106382978723,1.49645390070922,0.2170212765957447,1.0542787568106,0.0786225891113281,5.0,recursive-512-64,ada-002,dense-k5,50,
0.6685241472475514,0.5531914893617021,0.400709219858156,0.5531914893617021,0.5531914893617021,0.7446808510638298,1.0851063829787233,0.5106382978723404,0.8631587213438116,0.8085106382978723,1.49645390070922,0.4340425531914894,1.0542787568106,0.8936170212765957,2.549645390070922,0.3659574468085106,1.4217802581526973,0.0971558713912963,10.0,recursive-512-64,ada-002,dense-k10,50,
0.6578014184397163,0.5531914893617021,0.400709219858156,0.5531914893617021,0.5531914893617021,0.7446808510638298,1.0851063829787233,0.5106382978723404,0.8631587213438116,0.8085106382978723,1.49645390070922,0.4340425531914894,1.0542787568106,0.8085106382978723,1.49645390070922,0.2170212765957447,1.0542787568106,0.0761695289611816,5.0,recursive-512-64,ada-002,dense-k5-thresh,50,
0.6071513002364066,0.5531914893617021,0.400709219858156,0.5531914893617021,0.5531914893617021,0.574468085106383,1.180851063829787,0.5460992907801419,0.9160981658687868,0.723404255319149,1.780141843971631,0.5106382978723404,1.1915802035301692,0.8085106382978723,2.904255319148936,0.425531914893617,1.5943121358714227,0.1001372241973877,12.32,recursive-512-64,ada-002,dense-k5-neigh,50,
0.6609929078014184,0.5531914893617021,0.4326241134751774,0.5531914893617021,0.5531914893617021,0.7659574468085106,1.046099290780142,0.4680851063829786,0.8510705407517279,0.8085106382978723,1.6170212765957446,0.4468085106382979,1.105860755873919,0.8085106382978723,1.6170212765957446,0.2234042553191489,1.105860755873919,0.0829932498931884,5.0,recursive-512-64,ada-002,hybrid-k5,50,
0.6492907801418439,0.5106382978723404,0.3581560283687943,0.5106382978723404,0.5106382978723404,0.7446808510638298,1.053191489361702,0.4751773049645391,0.8207318373752971,0.8297872340425532,1.602836879432624,0.4553191489361702,1.0704290866069042,0.8936170212765957,2.872340425531915,0.4148936170212766,1.5197422734021049,0.9809099292755128,20.0,recursive-512-64,ada-002,dense-k20-rerank5,50,
0.6578014184397163,0.5531914893617021,0.400709219858156,0.5531914893617021,0.5531914893617021,0.7446808510638298,1.0851063829787233,0.5106382978723404,0.8631587213438116,0.8085106382978723,1.49645390070922,0.4340425531914894,1.0542787568106,0.8085106382978723,1.49645390070922,0.2170212765957447,1.0542787568106,3.105659098625184,5.0,recursive-512-64,embed-3-large,dense-k5,50,
0.6685241472475514,0.5531914893617021,0.400709219858156,0.5531914893617021,0.5531914893617021,0.7446808510638298,1.0851063829787233,0.5106382978723404,0.8631587213438116,0.8085106382978723,1.49645390070922,0.4340425531914894,1.0542787568106,0.8936170212765957,2.549645390070922,0.3659574468085106,1.4217802581526973,3.1047378635406493,10.0,recursive-512-64,embed-3-large,dense-k10,50,
0.6578014184397163,0.5531914893617021,0.400709219858156,0.5531914893617021,0.5531914893617021,0.7446808510638298,1.0851063829787233,0.5106382978723404,0.8631587213438116,0.8085106382978723,1.49645390070922,0.4340425531914894,1.0542787568106,0.8085106382978723,1.49645390070922,0.2170212765957447,1.0542787568106,3.1018179512023925,5.0,recursive-512-64,embed-3-large,dense-k5-thresh,50,
0.6071513002364066,0.5531914893617021,0.400709219858156,0.5531914893617021,0.5531914893617021,0.574468085106383,1.180851063829787,0.5460992907801419,0.9160981658687868,0.723404255319149,1.780141843971631,0.5106382978723404,1.1915802035301692,0.8085106382978723,2.904255319148936,0.425531914893617,1.5943121358714227,3.1255444431304933,12.32,recursive-512-64,embed-3-large,dense-k5-neigh,50,
0.6609929078014184,0.5531914893617021,0.4326241134751774,0.5531914893617021,0.5531914893617021,0.7659574468085106,1.046099290780142,0.4680851063829786,0.8510705407517279,0.8085106382978723,1.6170212765957446,0.4468085106382979,1.1064324667207976,0.8085106382978723,1.6170212765957446,0.2234042553191489,1.1064324667207976,3.1234591674804686,5.0,recursive-512-64,embed-3-large,hybrid-k5,50,
0.6492907801418439,0.5106382978723404,0.3581560283687943,0.5106382978723404,0.5106382978723404,0.7446808510638298,1.053191489361702,0.4751773049645391,0.8207318373752971,0.8297872340425532,1.602836879432624,0.4553191489361702,1.0704290866069042,0.8936170212765957,2.872340425531915,0.4148936170212766,1.5197422734021049,3.9981503963470457,20.0,recursive-512-64,embed-3-large,dense-k20-rerank5,50,
0.4319148936170213,0.2978723404255319,0.2234042553191489,0.2978723404255319,0.2978723404255319,0.5319148936170213,0.6276595744680851,0.276595744680851,0.4966418195240047,0.6595744680851063,0.8581560283687943,0.2340425531914894,0.5998231074558069,0.6595744680851063,0.8581560283687943,0.1170212765957447,0.5998231074558069,0.0062212800979614,5.0,recursive-1024-128,minilm-l6,dense-k5,50,
0.4435241472475514,0.2978723404255319,0.2234042553191489,0.2978723404255319,0.2978723404255319,0.5319148936170213,0.6276595744680851,0.276595744680851,0.4966418195240047,0.6595744680851063,0.8581560283687943,0.2340425531914894,0.5998231074558069,0.7446808510638298,1.358156028368794,0.1936170212765957,0.7795757875720744,0.0041035795211791,10.0,recursive-1024-128,minilm-l6,dense-k10,50,
0.4319148936170213,0.2978723404255319,0.2234042553191489,0.2978723404255319,0.2978723404255319,0.5319148936170213,0.6276595744680851,0.276595744680851,0.4966418195240047,0.6595744680851063,0.8581560283687943,0.2340425531914894,0.5998231074558069,0.6595744680851063,0.8581560283687943,0.1170212765957447,0.5998231074558069,0.0033906173706054,5.0,recursive-1024-128,minilm-l6,dense-k5-thresh,50,
0.3756073713520521,0.2978723404255319,0.2234042553191489,0.2978723404255319,0.2978723404255319,0.3617021276595745,0.6276595744680851,0.2765957446808511,0.4893622723326276,0.5106382978723404,1.0319148936170213,0.2808510638297872,0.671179366128026,0.6170212765957447,1.5212765957446808,0.2170212765957447,0.8497548864422456,0.0212578392028808,12.48,recursive-1024-128,minilm-l6,dense-k5-neigh,50,
0.5819148936170212,0.4893617021276595,0.3687943262411347,0.4893617021276595,0.4893617021276595,0.6595744680851063,0.8049645390070922,0.3617021276595744,0.6717150342786286,0.7446808510638298,1.1560283687943262,0.3234042553191489,0.832232316545425,0.7446808510638298,1.1560283687943262,0.1617021276595744,0.832232316545425,0.0098287296295166,5.0,recursive-1024-128,minilm-l6,hybrid-k5,50,
0.6090834697217676,0.5106382978723404,0.3829787234042553,0.5106382978723404,0.5106382978723404,0.6595744680851063,0.9574468085106383,0.4397163120567375,0.7750145540906704,0.7659574468085106,1.2411347517730498,0.3489361702127659,0.9038538757406772,0.7872340425531915,1.5780141843971631,0.2319148936170212,1.033123310910923,1.2740398597717286,20.0,recursive-1024-128,minilm-l6,dense-k20-rerank5,50,
0.4372340425531915,0.3191489361702128,0.2659574468085106,0.3191489361702128,0.3191489361702128,0.5106382978723404,0.574468085106383,0.2553191489361702,0.4765686322168979,0.6595744680851063,0.9007092198581559,0.2425531914893617,0.6220217149330866,0.6595744680851063,0.9007092198581559,0.1212765957446808,0.6220217149330866,0.0139684534072875,5.0,recursive-1024-128,mpnet-base,dense-k5,50,
0.4449172576832151,0.3191489361702128,0.2659574468085106,0.3191489361702128,0.3191489361702128,0.5106382978723404,0.574468085106383,0.2553191489361702,0.4765686322168979,0.6595744680851063,0.9007092198581559,0.2425531914893617,0.6220217149330866,0.723404255319149,1.2269503546099292,0.1744680851063829,0.7406788733794074,0.0119781827926635,10.0,recursive-1024-128,mpnet-base,dense-k10,50,
0.4372340425531915,0.3191489361702128,0.2659574468085106,0.3191489361702128,0.3191489361702128,0.5106382978723404,0.574468085106383,0.2553191489361702,0.4765686322168979,0.6595744680851063,0.9007092198581559,0.2425531914893617,0.6220217149330866,0.6595744680851063,0.9007092198581559,0.1212765957446808,0.6220217149330866,0.0100605964660644,5.0,recursive-1024-128,mpnet-base,dense-k5-thresh,50,
0.37916398022781,0.3191489361702128,0.2659574468085106,0.3191489361702128,0.3191489361702128,0.3191489361702128,0.6170212765957447,0.2553191489361702,0.4979715354824263,0.4680851063829787,0.9361702127659576,0.2425531914893617,0.6412749278475273,0.5957446808510638,1.5212765957446808,0.2063829787234042,0.8474386171585163,0.0275590658187866,12.36,recursive-1024-128,mpnet-base,dense-k5-neigh,50,
0.5432624113475177,0.425531914893617,0.3404255319148936,0.425531914893617,0.425531914893617,0.6382978723404256,0.7943262411347517,0.3546099290780141,0.6452284548666282,0.7021276595744681,1.1666666666666663,0.3234042553191489,0.8143373573093841,0.7021276595744681,1.1666666666666663,0.1617021276595744,0.8143373573093841,0.0172784614562988,5.0,recursive-1024-128,mpnet-base,hybrid-k5,50,
0.6165302782324059,0.4893617021276595,0.3936170212765957,0.4893617021276595,0.4893617021276595,0.7446808510638298,0.8900709219858155,0.3971631205673758,0.7294059019485752,0.7446808510638298,1.1382978723404256,0.3234042553191489,0.8481571686858853,0.7659574468085106,1.4397163120567371,0.2127659574468085,0.960967598455022,1.346461386680603,20.0,recursive-1024-128,mpnet-base,dense-k20-rerank5,50,
0.5673758865248226,0.4468085106382978,0.3049645390070922,0.4468085106382978,0.4468085106382978,0.7021276595744681,0.8120567375886526,0.3900709219858155,0.6511890024895707,0.7446808510638298,1.1737588652482271,0.3404255319148936,0.8152511450861712,0.7446808510638298,1.1737588652482271,0.1702127659574468,0.8152511450861712,0.0064567184448242,5.0,recursive-1024-128,e5-small-ml,dense-k5,50,
0.5793650793650793,0.4468085106382978,0.3049645390070922,0.4468085106382978,0.4468085106382978,0.7021276595744681,0.8120567375886526,0.3900709219858155,0.6511890024895707,0.7446808510638298,1.1737588652482271,0.3404255319148936,0.8152511450861712,0.8297872340425532,1.8120567375886525,0.2638297872340425,1.040819080738749,0.0061647033691406,10.0,recursive-1024-128,e5-small-ml,dense-k10,50,
0.5673758865248226,0.4468085106382978,0.3049645390070922,0.4468085106382978,0.4468085106382978,0.7021276595744681,0.8120567375886526,0.3900709219858155,0.6511890024895707,0.7446808510638298,1.1737588652482271,0.3404255319148936,0.8152511450861712,0.7446808510638298,1.1737588652482271,0.1702127659574468,0.8152511450861712,0.0051043558120727,5.0,recursive-1024-128,e5-small-ml,dense-k5-thresh,50,
0.5136102668017561,0.4468085106382978,0.3049645390070922,0.4468085106382978,0.4468085106382978,0.5106382978723404,0.9042553191489362,0.4397163120567376,0.7093503910197845,0.5957446808510638,1.319148936170213,0.3872340425531915,0.8979271456408322,0.7446808510638298,1.9893617021276595,0.3021276595744681,1.1449739825066474,0.0263143157958984,12.04,recursive-1024-128,e5-small-ml,dense-k5-neigh,50,
0.6400709219858156,0.5531914893617021,0.400709219858156,0.5531914893617021,0.5531914893617021,0.7021276595744681,0.9929078014184398,0.4539007092198581,0.8047452879768707,0.7659574468085106,1.3546099290780145,0.3829787234042553,0.9716024597041713,0.7659574468085106,1.3546099290780145,0.1914893617021276,0.9716024597041713,0.011900897026062,5.0,recursive-1024-128,e5-small-ml,hybrid-k5,50,
0.6677304964539007,0.5531914893617021,0.4113475177304965,0.5531914893617021,0.5531914893617021,0.7659574468085106,1.0709219858156027,0.4893617021276595,0.8445872321529184,0.8085106382978723,1.4397163120567378,0.4127659574468085,1.017818170551971,0.8723404255319149,2.141843971631205,0.3127659574468085,1.2709533043466903,1.3516145181655883,20.0,recursive-1024-128,e5-small-ml,dense-k20-rerank5,50,
0.6347517730496454,0.5319148936170213,0.3794326241134751,0.5319148936170213,0.5319148936170213,0.7659574468085106,0.8723404255319149,0.4113475177304964,0.7213184048505464,0.7659574468085106,1.2695035460992907,0.374468085106383,0.9042062940642988,0.7659574468085106,1.2695035460992907,0.1872340425531915,0.9042062940642988,0.0114099025726318,5.0,recursive-1024-128,e5-base-ml,dense-k5,50,
0.6468676122931442,0.5319148936170213,0.3794326241134751,0.5319148936170213,0.5319148936170213,0.7659574468085106,0.8723404255319149,0.4113475177304964,0.7213184048505464,0.7659574468085106,1.2695035460992907,0.374468085106383,0.9042062940642988,0.851063829787234,2.092198581560284,0.3127659574468085,1.199368698348309,0.0088738822937011,10.0,recursive-1024-128,e5-base-ml,dense-k10,50,
0.6347517730496454,0.5319148936170213,0.3794326241134751,0.5319148936170213,0.5319148936170213,0.7659574468085106,0.8723404255319149,0.4113475177304964,0.7213184048505464,0.7659574468085106,1.2695035460992907,0.374468085106383,0.9042062940642988,0.7659574468085106,1.2695035460992907,0.1872340425531915,0.9042062940642988,0.0082299137115478,5.0,recursive-1024-128,e5-base-ml,dense-k5-thresh,50,
0.5848530901722391,0.5319148936170213,0.3794326241134751,0.5319148936170213,0.5319148936170213,0.574468085106383,1.0,0.4751773049645391,0.8058517765859972,0.6808510638297872,1.4397163120567378,0.4212765957446808,1.0085704589229183,0.7659574468085106,2.106382978723404,0.3148936170212766,1.249837867247816,0.0297356700897216,11.78,recursive-1024-128,e5-base-ml,dense-k5-neigh,50,
0.6273049645390071,0.5319148936170213,0.4219858156028369,0.5319148936170213,0.5319148936170213,0.7446808510638298,0.9680851063829788,0.4539007092198581,0.7836921686053199,0.8085106382978723,1.368794326241135,0.3914893617021276,0.9656928475325576,0.8085106382978723,1.368794326241135,0.1957446808510638,0.9656928475325576,0.0155447530746459,5.0,recursive-1024-128,e5-base-ml,hybrid-k5,50,
0.6955378250591016,0.574468085106383,0.4326241134751774,0.574468085106383,0.574468085106383,0.8085106382978723,1.0780141843971631,0.5035460992907801,0.8739978188613761,0.8085106382978723,1.49645390070922,0.4425531914893618,1.0699852583612826,0.8936170212765957,2.25531914893617,0.3382978723404255,1.3438556322454027,1.3133669471740723,20.0,recursive-1024-128,e5-base-ml,dense-k20-rerank5,50,
0.6230496453900709,0.5106382978723404,0.3687943262411347,0.5106382978723404,0.5106382978723404,0.7446808510638298,0.9361702127659576,0.4539007092198581,0.7584264249853744,0.7872340425531915,1.269503546099291,0.3829787234042554,0.917195524230474,0.7872340425531915,1.269503546099291,0.1914893617021277,0.917195524230474,0.0241239500045776,5.0,recursive-1024-128,e5-large-ml,dense-k5,50,
0.6331813576494427,0.5106382978723404,0.3687943262411347,0.5106382978723404,0.5106382978723404,0.7446808510638298,0.9361702127659576,0.4539007092198581,0.7584264249853744,0.7872340425531915,1.269503546099291,0.3829787234042554,0.917195524230474,0.851063829787234,2.074468085106383,0.3106382978723404,1.2052511020448091,0.02267662525177,10.0,recursive-1024-128,e5-large-ml,dense-k10,50,
0.6230496453900709,0.5106382978723404,0.3687943262411347,0.5106382978723404,0.5106382978723404,0.7446808510638298,0.9361702127659576,0.4539007092198581,0.7584264249853744,0.7872340425531915,1.269503546099291,0.3829787234042554,0.917195524230474,0.7872340425531915,1.269503546099291,0.1914893617021277,0.917195524230474,0.0214059209823608,5.0,recursive-1024-128,e5-large-ml,dense-k5-thresh,50,
0.5711338307082988,0.5106382978723404,0.3687943262411347,0.5106382978723404,0.5106382978723404,0.5319148936170213,1.0106382978723405,0.4680851063829788,0.8021146735474595,0.6808510638297872,1.482269503546099,0.4340425531914893,1.02297966601669,0.7659574468085106,2.1595744680851063,0.3361702127659575,1.2824742175515125,0.0398971557617187,11.12,recursive-1024-128,e5-large-ml,dense-k5-neigh,50,
0.6407801418439716,0.5531914893617021,0.4219858156028369,0.5531914893617021,0.5531914893617021,0.7021276595744681,0.9822695035460994,0.4539007092198581,0.8080126893839445,0.7872340425531915,1.4078014184397163,0.3999999999999999,1.0025686240817613,0.7872340425531915,1.4078014184397163,0.1999999999999999,1.0025686240817613,0.0290978288650512,5.0,recursive-1024-128,e5-large-ml,hybrid-k5,50,
0.6632318626999478,0.5319148936170213,0.3900709219858156,0.5319148936170213,0.5319148936170213,0.7659574468085106,1.074468085106383,0.5106382978723404,0.8542284917874671,0.8085106382978723,1.517730496453901,0.4468085106382978,1.0606998082558643,0.851063829787234,2.273049645390071,0.3425531914893617,1.336579663957867,1.3312562370300294,20.0,recursive-1024-128,e5-large-ml,dense-k20-rerank5,50,
0.50177304964539,0.4042553191489361,0.2943262411347517,0.4042553191489361,0.4042553191489361,0.5531914893617021,0.7056737588652482,0.3475177304964539,0.5823957058703775,0.6595744680851063,1.0248226950354609,0.3021276595744681,0.7281334179824435,0.6595744680851063,1.0248226950354609,0.151063829787234,0.7281334179824435,0.0251878833770751,5.0,recursive-1024-128,bge-m3,dense-k5,50,
0.5168439716312057,0.4042553191489361,0.2943262411347517,0.4042553191489361,0.4042553191489361,0.5531914893617021,0.7056737588652482,0.3475177304964539,0.5823957058703775,0.6595744680851063,1.0248226950354609,0.3021276595744681,0.7281334179824435,0.7659574468085106,1.5815602836879432,0.2361702127659574,0.9305130149853214,0.0241533374786376,10.0,recursive-1024-128,bge-m3,dense-k10,50,
0.50177304964539,0.4042553191489361,0.2943262411347517,0.4042553191489361,0.4042553191489361,0.5531914893617021,0.7056737588652482,0.3475177304964539,0.5823957058703775,0.6595744680851063,1.0248226950354609,0.3021276595744681,0.7281334179824435,0.6595744680851063,1.0248226950354609,0.151063829787234,0.7281334179824435,0.0233410167694091,5.0,recursive-1024-128,bge-m3,dense-k5-thresh,50,
0.4518237082066869,0.4042553191489361,0.2943262411347517,0.4042553191489361,0.4042553191489361,0.4042553191489361,0.7659574468085106,0.3617021276595745,0.6170218468007127,0.5319148936170213,1.1205673758865249,0.3361702127659575,0.784952045507509,0.6595744680851063,1.680851063829787,0.2574468085106383,0.991060573907072,0.0413321208953857,11.48,recursive-1024-128,bge-m3,dense-k5-neigh,50,
0.6117021276595744,0.5106382978723404,0.3581560283687943,0.5106382978723404,0.5106382978723404,0.723404255319149,0.946808510638298,0.4468085106382978,0.760960119586338,0.7446808510638298,1.2234042553191489,0.3531914893617021,0.8881601681895842,0.7446808510638298,1.2234042553191489,0.176595744680851,0.8881601681895842,0.0286174345016479,5.0,recursive-1024-128,bge-m3,hybrid-k5,50,
0.6295938104448743,0.5106382978723404,0.3829787234042553,0.5106382978723404,0.5106382978723404,0.7446808510638298,1.0354609929078016,0.4893617021276595,0.8236665610617413,0.7872340425531915,1.4290780141843973,0.4170212765957447,1.004581884176302,0.7872340425531915,1.946808510638298,0.2957446808510638,1.200816301062374,1.5007102012634277,20.0,recursive-1024-128,bge-m3,dense-k20-rerank5,50,
0.5687943262411348,0.4468085106382978,0.3368794326241134,0.4468085106382978,0.4468085106382978,0.6595744680851063,0.7907801418439716,0.3617021276595745,0.6456749095652181,0.7446808510638298,1.1241134751773048,0.3276595744680851,0.8022184589653549,0.7446808510638298,1.1241134751773048,0.1638297872340425,0.8022184589653549,0.0246183967590332,5.0,recursive-1024-128,granite-311m-ml,dense-k5,50,
0.5748733535967578,0.4468085106382978,0.3368794326241134,0.4468085106382978,0.4468085106382978,0.6595744680851063,0.7907801418439716,0.3617021276595745,0.6456749095652181,0.7446808510638298,1.1241134751773048,0.3276595744680851,0.8022184589653549,0.7872340425531915,1.7659574468085106,0.2723404255319149,1.0377528345433298,0.0129271221160888,10.0,recursive-1024-128,granite-311m-ml,dense-k10,50,
0.5687943262411348,0.4468085106382978,0.3368794326241134,0.4468085106382978,0.4468085106382978,0.6595744680851063,0.7907801418439716,0.3617021276595745,0.6456749095652181,0.7446808510638298,1.1241134751773048,0.3276595744680851,0.8022184589653549,0.7446808510638298,1.1241134751773048,0.1638297872340425,0.8022184589653549,0.012805757522583,5.0,recursive-1024-128,granite-311m-ml,dense-k5-thresh,50,
0.520694789843726,0.4468085106382978,0.3368794326241134,0.4468085106382978,0.4468085106382978,0.574468085106383,0.9148936170212766,0.4184397163120567,0.7179596541695831,0.6382978723404256,1.2765957446808511,0.3574468085106382,0.8835259278436763,0.723404255319149,1.843971631205673,0.274468085106383,1.0899484798436452,0.0316157388687133,11.26,recursive-1024-128,granite-311m-ml,dense-k5-neigh,50,
0.674468085106383,0.5957446808510638,0.4539007092198582,0.5957446808510638,0.5957446808510638,0.7446808510638298,0.9645390070921986,0.4326241134751772,0.7986179040315649,0.8085106382978723,1.3687943262411346,0.3787234042553191,0.9830803190370712,0.8085106382978723,1.3687943262411346,0.1893617021276595,0.9830803190370712,0.0179387903213501,5.0,recursive-1024-128,granite-311m-ml,hybrid-k5,50,
0.6165124560462483,0.4893617021276595,0.3617021276595745,0.4893617021276595,0.4893617021276595,0.7446808510638298,1.017730496453901,0.4822695035460992,0.8081846715417365,0.7872340425531915,1.524822695035461,0.4468085106382978,1.04071647403422,0.7872340425531915,2.0531914893617023,0.3191489361702128,1.241622279893011,1.5162581825256347,20.0,recursive-1024-128,granite-311m-ml,dense-k20-rerank5,50,
0.6386524822695036,0.5531914893617021,0.4113475177304964,0.5531914893617021,0.5531914893617021,0.7021276595744681,1.0,0.4751773049645389,0.8223135981704458,0.7872340425531915,1.3404255319148937,0.3914893617021277,0.981361862031809,0.7872340425531915,1.3404255319148937,0.1957446808510638,0.981361862031809,0.0150042343139648,5.0,recursive-1024-128,jina-v3,dense-k5,50,
0.6443262411347518,0.5531914893617021,0.4113475177304964,0.5531914893617021,0.5531914893617021,0.7021276595744681,1.0,0.4751773049645389,0.8223135981704458,0.7872340425531915,1.3404255319148937,0.3914893617021277,0.981361862031809,0.8297872340425532,2.1666666666666665,0.3234042553191489,1.281851937082343,0.0151570558547973,10.0,recursive-1024-128,jina-v3,dense-k10,50,
0.6386524822695036,0.5531914893617021,0.4113475177304964,0.5531914893617021,0.5531914893617021,0.7021276595744681,1.0,0.4751773049645389,0.8223135981704458,0.7872340425531915,1.3404255319148937,0.3914893617021277,0.981361862031809,0.7872340425531915,1.3404255319148937,0.1957446808510638,0.981361862031809,0.0140388393402099,5.0,recursive-1024-128,jina-v3,dense-k5-thresh,50,
0.598599981578705,0.5531914893617021,0.4113475177304964,0.5531914893617021,0.5531914893617021,0.574468085106383,1.074468085106383,0.4964539007092199,0.8587912211109724,0.6808510638297872,1.6524822695035462,0.4723404255319149,1.1247514499269229,0.723404255319149,2.2411347517730498,0.3361702127659574,1.349550725349893,0.0327469491958618,11.22,recursive-1024-128,jina-v3,dense-k5-neigh,50,
0.675531914893617,0.5957446808510638,0.4539007092198581,0.5957446808510638,0.5957446808510638,0.7446808510638298,1.0390070921985817,0.4822695035460993,0.8538958140668372,0.8085106382978723,1.5035460992907803,0.4297872340425532,1.0686002728886008,0.8085106382978723,1.5035460992907803,0.2148936170212766,1.0686002728886008,0.0198583507537841,5.0,recursive-1024-128,jina-v3,hybrid-k5,50,
0.6604111019004636,0.5319148936170213,0.4042553191489361,0.5319148936170213,0.5319148936170213,0.7872340425531915,1.0815602836879432,0.5035460992907801,0.858590421465748,0.8085106382978723,1.5957446808510638,0.4638297872340425,1.097632368060063,0.8723404255319149,2.2872340425531914,0.3446808510638298,1.3543784827925038,1.5068170022964478,20.0,recursive-1024-128,jina-v3,dense-k20-rerank5,50,
,,,,,,,,,,,,,,,,,,,recursive-1024-128,jina-v2-base-en,dense-k5,50,"retriever_init_failed: CUDA out of memory. Tried to allocate 111.22 GiB. GPU 0 has a total capacity of 119.64 GiB of which 74.87 GiB is free. Including non-PyTorch memory, this process has 19.23 GiB memory in use. 101.69 GiB allowed; Of the allocated memory 18.98 GiB is allocated by PyTorch, and 50.41 MiB is reserved by PyTorch but unallocated. If reserved but unallocated memory is large try setting PYTORCH_CUDA_ALLOC_CONF=expandable_segments:True to avoid fragmentation.  See documentation for Memory Management  (https://docs.pytorch.org/docs/stable/notes/cuda.html#optimizing-memory-usage-with-pytorch-cuda-alloc-conf)"
,,,,,,,,,,,,,,,,,,,recursive-1024-128,jina-v2-base-en,dense-k10,50,"retriever_init_failed_cached: CUDA out of memory. Tried to allocate 111.22 GiB. GPU 0 has a total capacity of 119.64 GiB of which 74.87 GiB is free. Including non-PyTorch memory, this process has 19.23 GiB memory in use. 101.69 GiB allowed; Of the allocated memory 18.98 GiB is allocated by PyTorch, and 50.41 MiB is reserved by PyTorch but unallocated. If reserved but unallocated memory is large try setting PYTORCH_CUDA_ALLOC_CONF=expandable_segments:True to avoid fragmentation.  See documentation for Memory Management  (https://docs.pytorch.org/docs/stable/notes/cuda.html#optimizing-memory-usage-with-pytorch-cuda-alloc-conf)"
,,,,,,,,,,,,,,,,,,,recursive-1024-128,jina-v2-base-en,dense-k5-thresh,50,"retriever_init_failed_cached: CUDA out of memory. Tried to allocate 111.22 GiB. GPU 0 has a total capacity of 119.64 GiB of which 74.87 GiB is free. Including non-PyTorch memory, this process has 19.23 GiB memory in use. 101.69 GiB allowed; Of the allocated memory 18.98 GiB is allocated by PyTorch, and 50.41 MiB is reserved by PyTorch but unallocated. If reserved but unallocated memory is large try setting PYTORCH_CUDA_ALLOC_CONF=expandable_segments:True to avoid fragmentation.  See documentation for Memory Management  (https://docs.pytorch.org/docs/stable/notes/cuda.html#optimizing-memory-usage-with-pytorch-cuda-alloc-conf)"
,,,,,,,,,,,,,,,,,,,recursive-1024-128,jina-v2-base-en,dense-k5-neigh,50,"retriever_init_failed_cached: CUDA out of memory. Tried to allocate 111.22 GiB. GPU 0 has a total capacity of 119.64 GiB of which 74.87 GiB is free. Including non-PyTorch memory, this process has 19.23 GiB memory in use. 101.69 GiB allowed; Of the allocated memory 18.98 GiB is allocated by PyTorch, and 50.41 MiB is reserved by PyTorch but unallocated. If reserved but unallocated memory is large try setting PYTORCH_CUDA_ALLOC_CONF=expandable_segments:True to avoid fragmentation.  See documentation for Memory Management  (https://docs.pytorch.org/docs/stable/notes/cuda.html#optimizing-memory-usage-with-pytorch-cuda-alloc-conf)"
,,,,,,,,,,,,,,,,,,,recursive-1024-128,jina-v2-base-en,hybrid-k5,50,"retriever_init_failed_cached: CUDA out of memory. Tried to allocate 111.22 GiB. GPU 0 has a total capacity of 119.64 GiB of which 74.87 GiB is free. Including non-PyTorch memory, this process has 19.23 GiB memory in use. 101.69 GiB allowed; Of the allocated memory 18.98 GiB is allocated by PyTorch, and 50.41 MiB is reserved by PyTorch but unallocated. If reserved but unallocated memory is large try setting PYTORCH_CUDA_ALLOC_CONF=expandable_segments:True to avoid fragmentation.  See documentation for Memory Management  (https://docs.pytorch.org/docs/stable/notes/cuda.html#optimizing-memory-usage-with-pytorch-cuda-alloc-conf)"
,,,,,,,,,,,,,,,,,,,recursive-1024-128,jina-v2-base-en,dense-k20-rerank5,50,"retriever_init_failed_cached: CUDA out of memory. Tried to allocate 111.22 GiB. GPU 0 has a total capacity of 119.64 GiB of which 74.87 GiB is free. Including non-PyTorch memory, this process has 19.23 GiB memory in use. 101.69 GiB allowed; Of the allocated memory 18.98 GiB is allocated by PyTorch, and 50.41 MiB is reserved by PyTorch but unallocated. If reserved but unallocated memory is large try setting PYTORCH_CUDA_ALLOC_CONF=expandable_segments:True to avoid fragmentation.  See documentation for Memory Management  (https://docs.pytorch.org/docs/stable/notes/cuda.html#optimizing-memory-usage-with-pytorch-cuda-alloc-conf)"
0.7010638297872341,0.6170212765957447,0.4539007092198581,0.6170212765957447,0.6170212765957447,0.7872340425531915,1.074468085106383,0.5035460992907802,0.8776030438245084,0.8297872340425532,1.4397163120567378,0.4212765957446808,1.0483566840936382,0.8297872340425532,1.4397163120567378,0.2106382978723404,1.0483566840936382,0.0250701475143432,5.0,recursive-1024-128,nomic-v2,dense-k5,50,
0.7088314758527524,0.6170212765957447,0.4539007092198581,0.6170212765957447,0.6170212765957447,0.7872340425531915,1.074468085106383,0.5035460992907802,0.8776030438245084,0.8297872340425532,1.4397163120567378,0.4212765957446808,1.0483566840936382,0.8936170212765957,2.148936170212766,0.325531914893617,1.308693300345758,0.0312805271148681,10.0,recursive-1024-128,nomic-v2,dense-k10,50,
0.7010638297872341,0.6170212765957447,0.4539007092198581,0.6170212765957447,0.6170212765957447,0.7872340425531915,1.074468085106383,0.5035460992907802,0.8776030438245084,0.8297872340425532,1.4397163120567378,0.4212765957446808,1.0483566840936382,0.8297872340425532,1.4397163120567378,0.2106382978723404,1.0483566840936382,0.0278302526473999,5.0,recursive-1024-128,nomic-v2,dense-k5-thresh,50,
0.6575404500936416,0.6170212765957447,0.4539007092198581,0.6170212765957447,0.6170212765957447,0.6170212765957447,1.1382978723404256,0.524822695035461,0.9202136212648988,0.723404255319149,1.6099290780141844,0.4595744680851063,1.137714105317692,0.8085106382978723,2.393617021276596,0.3638297872340426,1.4306781761662293,0.0409202814102172,11.12,recursive-1024-128,nomic-v2,dense-k5-neigh,50,
0.672695035460993,0.5957446808510638,0.4645390070921985,0.5957446808510638,0.5957446808510638,0.723404255319149,1.0886524822695036,0.4964539007092198,0.8846585444377871,0.8085106382978723,1.524822695035461,0.425531914893617,1.0814662098510597,0.8085106382978723,1.524822695035461,0.2127659574468085,1.0814662098510597,0.0292853736877441,5.0,recursive-1024-128,nomic-v2,hybrid-k5,50,
0.6785553099382887,0.5319148936170213,0.4042553191489361,0.5319148936170213,0.5319148936170213,0.8085106382978723,1.141843971631206,0.5319148936170212,0.8899037353759,0.8723404255319149,1.6382978723404256,0.476595744680851,1.1186796760754354,0.9148936170212766,2.24468085106383,0.3425531914893616,1.3466744197470897,1.7445314455032348,20.0,recursive-1024-128,nomic-v2,dense-k20-rerank5,50,
0.6478723404255319,0.5531914893617021,0.3900709219858155,0.5531914893617021,0.5531914893617021,0.723404255319149,0.9893617021276596,0.4609929078014184,0.7993978556795875,0.8085106382978723,1.4716312056737586,0.4255319148936171,1.0215843901948007,0.8085106382978723,1.4716312056737586,0.2127659574468085,1.0215843901948007,0.2800183820724487,5.0,recursive-1024-128,qwen3-embed-8b,dense-k5,50,
0.6570921985815603,0.5531914893617021,0.3900709219858155,0.5531914893617021,0.5531914893617021,0.723404255319149,0.9893617021276596,0.4609929078014184,0.7993978556795875,0.8085106382978723,1.4716312056737586,0.4255319148936171,1.0215843901948007,0.8723404255319149,2.166666666666667,0.325531914893617,1.276636526580408,0.2790808296203613,10.0,recursive-1024-128,qwen3-embed-8b,dense-k10,50,
0.6478723404255319,0.5531914893617021,0.3900709219858155,0.5531914893617021,0.5531914893617021,0.723404255319149,0.9893617021276596,0.4609929078014184,0.7993978556795875,0.8085106382978723,1.4716312056737586,0.4255319148936171,1.0215843901948007,0.8085106382978723,1.4716312056737586,0.2127659574468085,1.0215843901948007,0.2797945308685303,5.0,recursive-1024-128,qwen3-embed-8b,dense-k5-thresh,50,
0.5999987010625308,0.5531914893617021,0.3900709219858155,0.5531914893617021,0.5531914893617021,0.574468085106383,1.0,0.4893617021276595,0.8188974615384537,0.6595744680851063,1.4397163120567378,0.4212765957446808,1.0167475043814451,0.7872340425531915,2.226950354609929,0.3297872340425531,1.300329113281959,0.299150013923645,10.68,recursive-1024-128,qwen3-embed-8b,dense-k5-neigh,50,
0.6560283687943262,0.574468085106383,0.4326241134751772,0.574468085106383,0.574468085106383,0.723404255319149,1.0638297872340423,0.4893617021276595,0.8545494581940127,0.7659574468085106,1.4574468085106382,0.4212765957446808,1.0378991010555385,0.7659574468085106,1.4574468085106382,0.2106382978723404,1.0378991010555385,0.285303087234497,5.0,recursive-1024-128,qwen3-embed-8b,hybrid-k5,50,
0.6972444408894577,0.574468085106383,0.4326241134751774,0.574468085106383,0.574468085106383,0.7872340425531915,1.074468085106383,0.5106382978723404,0.8665174720247747,0.8723404255319149,1.6134751773049647,0.4680851063829787,1.112252321122574,0.9148936170212766,2.3368794326241136,0.3595744680851063,1.3832534361737234,1.7006462240219116,20.0,recursive-1024-128,qwen3-embed-8b,dense-k20-rerank5,50,
,,,,,,,,,,,,,,,,,,,recursive-1024-128,gte-qwen2-7b,dense-k5,50,retriever_init_failed: 'DynamicCache' object has no attribute 'get_usable_length'
,,,,,,,,,,,,,,,,,,,recursive-1024-128,gte-qwen2-7b,dense-k10,50,retriever_init_failed_cached: 'DynamicCache' object has no attribute 'get_usable_length'
,,,,,,,,,,,,,,,,,,,recursive-1024-128,gte-qwen2-7b,dense-k5-thresh,50,retriever_init_failed_cached: 'DynamicCache' object has no attribute 'get_usable_length'
,,,,,,,,,,,,,,,,,,,recursive-1024-128,gte-qwen2-7b,dense-k5-neigh,50,retriever_init_failed_cached: 'DynamicCache' object has no attribute 'get_usable_length'
,,,,,,,,,,,,,,,,,,,recursive-1024-128,gte-qwen2-7b,hybrid-k5,50,retriever_init_failed_cached: 'DynamicCache' object has no attribute 'get_usable_length'
,,,,,,,,,,,,,,,,,,,recursive-1024-128,gte-qwen2-7b,dense-k20-rerank5,50,retriever_init_failed_cached: 'DynamicCache' object has no attribute 'get_usable_length'
,,,,,,,,,,,,,,,,,,,recursive-1024-128,nv-embed-v2,dense-k5,50,retriever_init_failed: 'DynamicCache' object has no attribute 'get_usable_length'
,,,,,,,,,,,,,,,,,,,recursive-1024-128,nv-embed-v2,dense-k10,50,retriever_init_failed_cached: 'DynamicCache' object has no attribute 'get_usable_length'
,,,,,,,,,,,,,,,,,,,recursive-1024-128,nv-embed-v2,dense-k5-thresh,50,retriever_init_failed_cached: 'DynamicCache' object has no attribute 'get_usable_length'
,,,,,,,,,,,,,,,,,,,recursive-1024-128,nv-embed-v2,dense-k5-neigh,50,retriever_init_failed_cached: 'DynamicCache' object has no attribute 'get_usable_length'
,,,,,,,,,,,,,,,,,,,recursive-1024-128,nv-embed-v2,hybrid-k5,50,retriever_init_failed_cached: 'DynamicCache' object has no attribute 'get_usable_length'
,,,,,,,,,,,,,,,,,,,recursive-1024-128,nv-embed-v2,dense-k20-rerank5,50,retriever_init_failed_cached: 'DynamicCache' object has no attribute 'get_usable_length'
0.5070921985815603,0.425531914893617,0.3049645390070922,0.425531914893617,0.425531914893617,0.5957446808510638,0.6843971631205675,0.3262411347517729,0.5687420514276903,0.6382978723404256,0.946808510638298,0.2851063829787234,0.6931525356798502,0.6382978723404256,0.946808510638298,0.1425531914893617,0.6931525356798502,0.0316665697097778,5.0,recursive-1024-128,camembert-large,dense-k5,50,
0.5265281999324553,0.425531914893617,0.3049645390070922,0.425531914893617,0.425531914893617,0.5957446808510638,0.6843971631205675,0.3262411347517729,0.5687420514276903,0.6382978723404256,0.946808510638298,0.2851063829787234,0.6931525356798502,0.7872340425531915,1.6914893617021276,0.2553191489361702,0.9601572651173488,0.0302867460250854,10.0,recursive-1024-128,camembert-large,dense-k10,50,
0.5070921985815603,0.425531914893617,0.3049645390070922,0.425531914893617,0.425531914893617,0.5957446808510638,0.6843971631205675,0.3262411347517729,0.5687420514276903,0.6382978723404256,0.9361702127659576,0.2808510638297872,0.6881057758336949,0.6382978723404256,0.9361702127659576,0.1404255319148936,0.6881057758336949,0.0214541339874267,4.96,recursive-1024-128,camembert-large,dense-k5-thresh,50,
0.4699932455251605,0.425531914893617,0.3049645390070922,0.425531914893617,0.425531914893617,0.4893617021276595,0.8191489361702128,0.3900709219858155,0.6554595828939622,0.5319148936170213,1.1382978723404256,0.3276595744680851,0.7996931639285357,0.6382978723404256,1.6985815602836882,0.2574468085106383,1.0064561035234336,0.0412694883346557,12.0,recursive-1024-128,camembert-large,dense-k5-neigh,50,
0.5698581560283689,0.4680851063829787,0.3368794326241134,0.4680851063829787,0.4680851063829787,0.6808510638297872,0.8014184397163121,0.3758865248226949,0.6555340750183389,0.723404255319149,1.1631205673758866,0.3361702127659574,0.8207374077475555,0.723404255319149,1.1631205673758866,0.1680851063829787,0.8207374077475555,0.0278136444091796,5.0,recursive-1024-128,camembert-large,hybrid-k5,50,
0.6404359616186901,0.5319148936170213,0.4042553191489361,0.5319148936170213,0.5319148936170213,0.723404255319149,0.9822695035460994,0.4680851063829787,0.8009339418377914,0.7659574468085106,1.3617021276595744,0.4,0.9759790459743588,0.851063829787234,1.893617021276596,0.2851063829787234,1.1688994499899172,1.5550358152389527,20.0,recursive-1024-128,camembert-large,dense-k20-rerank5,50,
0.6560283687943262,0.5531914893617021,0.400709219858156,0.5531914893617021,0.5531914893617021,0.7872340425531915,1.1170212765957446,0.5177304964539007,0.8734186668585776,0.7872340425531915,1.358156028368794,0.3872340425531915,0.9850903102083188,0.7872340425531915,1.358156028368794,0.1936170212765957,0.9850903102083188,0.0272454357147216,5.0,recursive-1024-128,solon-large,dense-k5,50,
0.6685241472475514,0.5531914893617021,0.400709219858156,0.5531914893617021,0.5531914893617021,0.7872340425531915,1.1170212765957446,0.5177304964539007,0.8734186668585776,0.7872340425531915,1.358156028368794,0.3872340425531915,0.9850903102083188,0.8723404255319149,2.088652482269503,0.3106382978723404,1.2503970941849498,0.0225844955444335,10.0,recursive-1024-128,solon-large,dense-k10,50,
0.6560283687943262,0.5531914893617021,0.400709219858156,0.5531914893617021,0.5531914893617021,0.7872340425531915,1.1063829787234043,0.5106382978723404,0.8668958243823492,0.7872340425531915,1.3368794326241134,0.3787234042553191,0.9729489970390566,0.7872340425531915,1.3368794326241134,0.1893617021276595,0.9729489970390566,0.0217784595489501,4.24,recursive-1024-128,solon-large,dense-k5-thresh,50,
0.6070921985815603,0.5531914893617021,0.400709219858156,0.5531914893617021,0.5531914893617021,0.574468085106383,1.0425531914893618,0.4964539007092198,0.8429597967208253,0.723404255319149,1.652482269503546,0.476595744680851,1.1188309561975769,0.7872340425531915,2.390070921985816,0.348936170212766,1.39097135356532,0.0408589649200439,11.4,recursive-1024-128,solon-large,dense-k5-neigh,50,
0.6397163120567376,0.5531914893617021,0.4113475177304964,0.5531914893617021,0.5531914893617021,0.7446808510638298,1.028368794326241,0.4680851063829786,0.8269220021308958,0.7872340425531915,1.4219858156028369,0.4,1.005763714882227,0.7872340425531915,1.4219858156028369,0.2,1.005763714882227,0.0304471015930175,5.0,recursive-1024-128,solon-large,hybrid-k5,50,
0.6794326241134752,0.5531914893617021,0.425531914893617,0.5531914893617021,0.5531914893617021,0.8085106382978723,1.1631205673758866,0.5460992907801417,0.9097243076413116,0.851063829787234,1.6843971631205674,0.4808510638297872,1.144684965101146,0.8936170212765957,2.3226950354609928,0.3446808510638298,1.3774296248572386,1.5065375089645383,20.0,recursive-1024-128,solon-large,dense-k20-rerank5,50,
0.6191489361702128,0.5106382978723404,0.3687943262411347,0.5106382978723404,0.5106382978723404,0.7021276595744681,0.9893617021276596,0.4609929078014184,0.7897683073591231,0.8085106382978723,1.4609929078014183,0.425531914893617,1.0057624287732825,0.8085106382978723,1.4609929078014183,0.2127659574468085,1.0057624287732825,0.0235192537307739,5.0,recursive-1024-128,bilingual-fr-en,dense-k5,50,
0.6248480243161094,0.5106382978723404,0.3687943262411347,0.5106382978723404,0.5106382978723404,0.7021276595744681,0.9893617021276596,0.4609929078014184,0.7897683073591231,0.8085106382978723,1.4609929078014183,0.425531914893617,1.0057624287732825,0.851063829787234,2.1595744680851063,0.3191489361702128,1.2577359428154278,0.0241024255752563,10.0,recursive-1024-128,bilingual-fr-en,dense-k10,50,
0.6191489361702128,0.5106382978723404,0.3687943262411347,0.5106382978723404,0.5106382978723404,0.7021276595744681,0.9893617021276596,0.4609929078014184,0.7897683073591231,0.8085106382978723,1.4609929078014183,0.425531914893617,1.0057624287732825,0.8085106382978723,1.4609929078014183,0.2127659574468085,1.0057624287732825,0.0230884456634521,5.0,recursive-1024-128,bilingual-fr-en,dense-k5-thresh,50,
0.5649458106904915,0.5106382978723404,0.3687943262411347,0.5106382978723404,0.5106382978723404,0.5319148936170213,0.9680851063829788,0.4539007092198582,0.776344270049092,0.6382978723404256,1.482269503546099,0.425531914893617,1.011238995916948,0.7659574468085106,2.2695035460992905,0.3361702127659575,1.2992471362883176,0.0415887355804443,11.12,recursive-1024-128,bilingual-fr-en,dense-k5-neigh,50,
0.6468085106382978,0.5531914893617021,0.4219858156028369,0.5531914893617021,0.5531914893617021,0.7446808510638298,1.024822695035461,0.4680851063829786,0.8297365590560184,0.7872340425531915,1.4078014184397163,0.3957446808510638,1.0048246415755433,0.7872340425531915,1.4078014184397163,0.1978723404255319,1.0048246415755433,0.0289075946807861,5.0,recursive-1024-128,bilingual-fr-en,hybrid-k5,50,
0.6602963525835867,0.5531914893617021,0.425531914893617,0.5531914893617021,0.5531914893617021,0.7872340425531915,1.0602836879432622,0.4964539007092198,0.8485251348366802,0.8297872340425532,1.5780141843971631,0.4553191489361702,1.0866776395833389,0.851063829787234,2.2872340425531914,0.3404255319148936,1.3459524832378504,1.3519356632232666,20.0,recursive-1024-128,bilingual-fr-en,dense-k20-rerank5,50,
0.6691489361702128,0.574468085106383,0.4326241134751774,0.574468085106383,0.574468085106383,0.7446808510638298,1.0354609929078016,0.4822695035460992,0.8537299726685712,0.7872340425531915,1.3900709219858158,0.4000000000000001,1.0179349535751951,0.7872340425531915,1.3900709219858158,0.2,1.0179349535751951,0.054645652770996,5.0,recursive-1024-128,ada-002,dense-k5,50,
0.6783941236068896,0.574468085106383,0.4326241134751774,0.574468085106383,0.574468085106383,0.7446808510638298,1.0354609929078016,0.4822695035460992,0.8537299726685712,0.7872340425531915,1.3900709219858158,0.4000000000000001,1.0179349535751951,0.851063829787234,2.0141843971631204,0.2957446808510638,1.2448533342662425,0.0757138919830322,10.0,recursive-1024-128,ada-002,dense-k10,50,
0.6691489361702128,0.574468085106383,0.4326241134751774,0.574468085106383,0.574468085106383,0.7446808510638298,1.0354609929078016,0.4822695035460992,0.8537299726685712,0.7872340425531915,1.3900709219858158,0.4000000000000001,1.0179349535751951,0.7872340425531915,1.3900709219858158,0.2,1.0179349535751951,0.0512925386428833,5.0,recursive-1024-128,ada-002,dense-k5-thresh,50,
0.621615087040619,0.574468085106383,0.4326241134751774,0.574468085106383,0.574468085106383,0.574468085106383,1.1595744680851063,0.524822695035461,0.9164765182263612,0.7446808510638298,1.7588652482269502,0.5021276595744681,1.194032166250973,0.7659574468085106,2.3368794326241136,0.348936170212766,1.409926786631903,0.074298357963562,11.24,recursive-1024-128,ada-002,dense-k5-neigh,50,
0.6790780141843972,0.5957446808510638,0.4432624113475177,0.5957446808510638,0.5957446808510638,0.7872340425531915,1.0673758865248228,0.4893617021276595,0.865158938578921,0.8085106382978723,1.5354609929078016,0.425531914893617,1.0774720560366775,0.8085106382978723,1.5354609929078016,0.2127659574468085,1.0774720560366775,0.057493872642517,5.0,recursive-1024-128,ada-002,hybrid-k5,50,
0.6317785051827605,0.4893617021276595,0.3617021276595745,0.4893617021276595,0.4893617021276595,0.7659574468085106,1.0354609929078016,0.4893617021276595,0.8123978659950993,0.7872340425531915,1.4290780141843973,0.4170212765957447,0.9946063187240092,0.851063829787234,2.2588652482269502,0.3361702127659575,1.2954023774620411,1.3473351573944092,20.0,recursive-1024-128,ada-002,dense-k20-rerank5,50,
0.6691489361702128,0.574468085106383,0.4326241134751774,0.574468085106383,0.574468085106383,0.7446808510638298,1.0354609929078016,0.4822695035460992,0.8537299726685712,0.7872340425531915,1.4007092198581563,0.4042553191489362,1.0229817134213504,0.7872340425531915,1.4007092198581563,0.2021276595744681,1.0229817134213504,3.115194110870361,5.0,recursive-1024-128,embed-3-large,dense-k5,50,
0.6783941236068896,0.574468085106383,0.4326241134751774,0.574468085106383,0.574468085106383,0.7446808510638298,1.0354609929078016,0.4822695035460992,0.8537299726685712,0.7872340425531915,1.3900709219858158,0.4000000000000001,1.0179349535751951,0.851063829787234,2.0141843971631204,0.2957446808510638,1.2448533342662425,3.106861724853516,10.0,recursive-1024-128,embed-3-large,dense-k10,50,
0.6691489361702128,0.574468085106383,0.4326241134751774,0.574468085106383,0.574468085106383,0.7446808510638298,1.0354609929078016,0.4822695035460992,0.8537299726685712,0.7872340425531915,1.4007092198581563,0.4042553191489362,1.0229817134213504,0.7872340425531915,1.4007092198581563,0.2021276595744681,1.0229817134213504,3.1103427743911745,5.0,recursive-1024-128,embed-3-large,dense-k5-thresh,50,
0.621615087040619,0.574468085106383,0.4326241134751774,0.574468085106383,0.574468085106383,0.574468085106383,1.1595744680851063,0.524822695035461,0.9164765182263612,0.7446808510638298,1.7588652482269502,0.5021276595744681,1.194032166250973,0.7659574468085106,2.3368794326241136,0.348936170212766,1.409926786631903,3.144276475906372,11.24,recursive-1024-128,embed-3-large,dense-k5-neigh,50,
0.6790780141843972,0.5957446808510638,0.4432624113475177,0.5957446808510638,0.5957446808510638,0.7872340425531915,1.0673758865248228,0.4893617021276595,0.865158938578921,0.8085106382978723,1.5354609929078016,0.425531914893617,1.0774720560366775,0.8085106382978723,1.5354609929078016,0.2127659574468085,1.0774720560366775,3.1146362352371217,5.0,recursive-1024-128,embed-3-large,hybrid-k5,50,
0.6317785051827605,0.4893617021276595,0.3617021276595745,0.4893617021276595,0.4893617021276595,0.7659574468085106,1.0354609929078016,0.4893617021276595,0.8123978659950993,0.7872340425531915,1.4290780141843973,0.4170212765957447,0.9946063187240092,0.851063829787234,2.2588652482269502,0.3361702127659575,1.2954023774620411,4.390422015190125,20.0,recursive-1024-128,embed-3-large,dense-k20-rerank5,50,
0.4588652482269503,0.3404255319148936,0.2446808510638297,0.3404255319148936,0.3404255319148936,0.574468085106383,0.7872340425531915,0.3404255319148935,0.5986572980145699,0.6170212765957447,1.0638297872340423,0.2808510638297872,0.7215604179707651,0.6170212765957447,1.0638297872340423,0.1404255319148936,0.7215604179707651,0.0053982734680175,5.0,markdown-1200-50,minilm-l6,dense-k5,50,
0.4717156366092536,0.3404255319148936,0.2446808510638297,0.3404255319148936,0.3404255319148936,0.574468085106383,0.7872340425531915,0.3404255319148935,0.5986572980145699,0.6170212765957447,1.0638297872340423,0.2808510638297872,0.7215604179707651,0.723404255319149,1.75531914893617,0.2361702127659574,0.9586176391325752,0.0050829744338989,10.0,markdown-1200-50,minilm-l6,dense-k10,50,
0.4588652482269503,0.3404255319148936,0.2446808510638297,0.3404255319148936,0.3404255319148936,0.574468085106383,0.7872340425531915,0.3404255319148935,0.5986572980145699,0.6170212765957447,1.0638297872340423,0.2808510638297872,0.7215604179707651,0.6170212765957447,1.0638297872340423,0.1404255319148936,0.7215604179707651,0.0037727117538452,5.0,markdown-1200-50,minilm-l6,dense-k5-thresh,50,
0.3998572349636179,0.3404255319148936,0.2446808510638297,0.3404255319148936,0.3404255319148936,0.3617021276595745,0.7340425531914894,0.3333333333333333,0.5634520050814361,0.5319148936170213,1.372340425531915,0.3531914893617021,0.8361742900973199,0.574468085106383,2.297872340425532,0.3,1.1587847050981266,0.0627745294570922,13.92,markdown-1200-50,minilm-l6,dense-k5-neigh,50,
0.5297872340425531,0.425531914893617,0.3297872340425531,0.425531914893617,0.425531914893617,0.6170212765957447,0.8865248226950355,0.3971631205673758,0.6932212471559656,0.7021276595744681,1.3936170212765957,0.3702127659574468,0.915448522935994,0.7021276595744681,1.3936170212765957,0.1851063829787234,0.915448522935994,0.0271762466430664,5.0,markdown-1200-50,minilm-l6,hybrid-k5,50,
0.5218633907463694,0.4042553191489361,0.2943262411347517,0.4042553191489361,0.4042553191489361,0.5957446808510638,0.8368794326241136,0.3687943262411347,0.6430899697727518,0.6808510638297872,1.24822695035461,0.3404255319148936,0.8272655238212395,0.7659574468085106,2.195035460992908,0.2978723404255319,1.152653472181377,1.0543743991851806,20.0,markdown-1200-50,minilm-l6,dense-k20-rerank5,50,
0.3978723404255319,0.3191489361702128,0.2446808510638297,0.3191489361702128,0.3191489361702128,0.4680851063829787,0.5425531914893617,0.2411347517730496,0.4432666366904264,0.5319148936170213,0.8723404255319149,0.2425531914893617,0.5919752667242764,0.5319148936170213,0.8723404255319149,0.1212765957446808,0.5919752667242764,0.0110743570327758,5.0,markdown-1200-50,mpnet-base,dense-k5,50,
0.425143532590341,0.3191489361702128,0.2446808510638297,0.3191489361702128,0.3191489361702128,0.4680851063829787,0.5425531914893617,0.2411347517730496,0.4432666366904264,0.5319148936170213,0.8723404255319149,0.2425531914893617,0.5919752667242764,0.7446808510638298,1.6347517730496457,0.2297872340425531,0.8582225085708025,0.0114056968688964,10.0,markdown-1200-50,mpnet-base,dense-k10,50,
0.3978723404255319,0.3191489361702128,0.2446808510638297,0.3191489361702128,0.3191489361702128,0.4680851063829787,0.5425531914893617,0.2411347517730496,0.4432666366904264,0.5319148936170213,0.8723404255319149,0.2425531914893617,0.5919752667242764,0.5319148936170213,0.8723404255319149,0.1212765957446808,0.5919752667242764,0.010760178565979,5.0,markdown-1200-50,mpnet-base,dense-k5-thresh,50,
0.3575818980074298,0.3191489361702128,0.2446808510638297,0.3191489361702128,0.3191489361702128,0.3404255319148936,0.6914893617021277,0.2907801418439716,0.5295080767418731,0.4042553191489361,0.9893617021276596,0.251063829787234,0.6591402079739417,0.5106382978723404,1.702127659574468,0.2276595744680851,0.9097170113966464,0.0698414468765258,14.1,markdown-1200-50,mpnet-base,dense-k5-neigh,50,
0.5602836879432623,0.4468085106382978,0.351063829787234,0.4468085106382978,0.4468085106382978,0.6808510638297872,0.7730496453900709,0.3404255319148935,0.633581407442412,0.723404255319149,1.1737588652482271,0.3148936170212765,0.8132841440527647,0.723404255319149,1.1737588652482271,0.1574468085106382,0.8132841440527647,0.0329625940322876,5.0,markdown-1200-50,mpnet-base,hybrid-k5,50,
0.5635844061375976,0.4468085106382978,0.3049645390070922,0.4468085106382978,0.4468085106382978,0.6382978723404256,0.9007092198581559,0.425531914893617,0.7066677121700675,0.7021276595744681,1.2907801418439715,0.3659574468085107,0.8818931682200019,0.7872340425531915,1.9680851063829787,0.2787234042553191,1.117394003264631,0.8873215198516846,20.0,markdown-1200-50,mpnet-base,dense-k20-rerank5,50,
0.5315602836879433,0.425531914893617,0.3049645390070922,0.425531914893617,0.425531914893617,0.6170212765957447,0.7872340425531915,0.3758865248226951,0.6382984425453935,0.6808510638297872,1.2234042553191489,0.3446808510638298,0.8336064400034562,0.6808510638297872,1.2234042553191489,0.1723404255319149,0.8336064400034562,0.0060197496414184,5.0,markdown-1200-50,e5-small-ml,dense-k5,50,
0.5439716312056737,0.425531914893617,0.3049645390070922,0.425531914893617,0.425531914893617,0.6170212765957447,0.7872340425531915,0.3758865248226951,0.6382984425453935,0.6808510638297872,1.2234042553191489,0.3446808510638298,0.8336064400034562,0.7659574468085106,2.184397163120567,0.3106382978723404,1.1759541719318023,0.0058620548248291,10.0,markdown-1200-50,e5-small-ml,dense-k10,50,
0.5315602836879433,0.425531914893617,0.3049645390070922,0.425531914893617,0.425531914893617,0.6170212765957447,0.7872340425531915,0.3758865248226951,0.6382984425453935,0.6808510638297872,1.2234042553191489,0.3446808510638298,0.8336064400034562,0.6808510638297872,1.2234042553191489,0.1723404255319149,0.8336064400034562,0.0057462406158447,5.0,markdown-1200-50,e5-small-ml,dense-k5-thresh,50,
0.4766619904917777,0.425531914893617,0.3049645390070922,0.425531914893617,0.425531914893617,0.425531914893617,0.8829787234042553,0.4113475177304965,0.6901602159486742,0.5957446808510638,1.4397163120567371,0.4042553191489361,0.9390824436540136,0.6382978723404256,2.382978723404255,0.3425531914893616,1.2740130997894503,0.0627901363372802,13.54,markdown-1200-50,e5-small-ml,dense-k5-neigh,50,
0.5638297872340425,0.4468085106382978,0.3475177304964539,0.4468085106382978,0.4468085106382978,0.6595744680851063,0.8723404255319149,0.4042553191489361,0.7014289110153159,0.7021276595744681,1.354609929078014,0.3829787234042553,0.9206116464978272,0.7021276595744681,1.354609929078014,0.1914893617021276,0.9206116464978272,0.0264165878295898,5.0,markdown-1200-50,e5-small-ml,hybrid-k5,50,
0.5787482021524575,0.425531914893617,0.3156028368794326,0.425531914893617,0.425531914893617,0.6808510638297872,0.9042553191489362,0.4184397163120567,0.7111158452868093,0.7659574468085106,1.3971631205673758,0.3872340425531915,0.92804014981344,0.8085106382978723,2.273049645390071,0.3234042553191489,1.236564120500984,0.782702980041504,20.0,markdown-1200-50,e5-small-ml,dense-k20-rerank5,50,
0.6609929078014184,0.5531914893617021,0.400709219858156,0.5531914893617021,0.5531914893617021,0.7446808510638298,0.9148936170212766,0.425531914893617,0.7526029012732663,0.8297872340425532,1.4184397163120566,0.4042553191489361,0.9811577376806176,0.8297872340425532,1.4184397163120566,0.202127659574468,0.9811577376806176,0.0104841232299804,5.0,markdown-1200-50,e5-base-ml,dense-k5,50,
0.6689716312056737,0.5531914893617021,0.400709219858156,0.5531914893617021,0.5531914893617021,0.7446808510638298,0.9148936170212766,0.425531914893617,0.7526029012732663,0.8297872340425532,1.4184397163120566,0.4042553191489361,0.9811577376806176,0.8936170212765957,2.4574468085106385,0.351063829787234,1.3421808014182448,0.0096403789520263,10.0,markdown-1200-50,e5-base-ml,dense-k10,50,
0.6609929078014184,0.5531914893617021,0.400709219858156,0.5531914893617021,0.5531914893617021,0.7446808510638298,0.9148936170212766,0.425531914893617,0.7526029012732663,0.8297872340425532,1.4184397163120566,0.4042553191489361,0.9811577376806176,0.8297872340425532,1.4184397163120566,0.202127659574468,0.9811577376806176,0.0096102237701416,5.0,markdown-1200-50,e5-base-ml,dense-k5-thresh,50,
0.6043307756073714,0.5531914893617021,0.400709219858156,0.5531914893617021,0.5531914893617021,0.5531914893617021,1.1595744680851063,0.5319148936170213,0.90305248091633,0.7021276595744681,1.6843971631205672,0.4638297872340425,1.1356910073894466,0.7872340425531915,2.794326241134752,0.4000000000000001,1.5319462536057409,0.0657575178146362,13.66,markdown-1200-50,e5-base-ml,dense-k5-neigh,50,
0.624113475177305,0.4680851063829787,0.3475177304964539,0.4680851063829787,0.4680851063829787,0.7872340425531915,0.946808510638298,0.4397163120567375,0.7474671607064882,0.8297872340425532,1.4645390070921989,0.4127659574468085,0.9805400244960738,0.8297872340425532,1.4645390070921989,0.2063829787234042,0.9805400244960738,0.0310910892486572,5.0,markdown-1200-50,e5-base-ml,hybrid-k5,50,
0.5753468545083062,0.4042553191489361,0.2730496453900708,0.4042553191489361,0.4042553191489361,0.7021276595744681,0.8865248226950355,0.4113475177304964,0.6842165254752444,0.7872340425531915,1.3156028368794326,0.3829787234042552,0.8837510568660966,0.8723404255319149,2.50354609929078,0.3617021276595745,1.299436019926578,1.1705147790908814,20.0,markdown-1200-50,e5-base-ml,dense-k20-rerank5,50,
0.5361702127659576,0.4468085106382978,0.3049645390070922,0.4468085106382978,0.4468085106382978,0.5957446808510638,0.7872340425531915,0.3758865248226949,0.6334262824341325,0.7021276595744681,1.202127659574468,0.3446808510638298,0.8235093996938143,0.7021276595744681,1.202127659574468,0.1723404255319149,0.8235093996938143,0.0262510108947753,5.0,markdown-1200-50,e5-large-ml,dense-k5,50,
0.552887537993921,0.4468085106382978,0.3049645390070922,0.4468085106382978,0.4468085106382978,0.5957446808510638,0.7872340425531915,0.3758865248226949,0.6334262824341325,0.7021276595744681,1.202127659574468,0.3446808510638298,0.8235093996938143,0.8297872340425532,2.2127659574468086,0.3106382978723404,1.176204694844736,0.0253349733352661,10.0,markdown-1200-50,e5-large-ml,dense-k10,50,
0.5361702127659576,0.4468085106382978,0.3049645390070922,0.4468085106382978,0.4468085106382978,0.5957446808510638,0.7872340425531915,0.3758865248226949,0.6334262824341325,0.7021276595744681,1.202127659574468,0.3446808510638298,0.8235093996938143,0.7021276595744681,1.202127659574468,0.1723404255319149,0.8235093996938143,0.0238988304138183,5.0,markdown-1200-50,e5-large-ml,dense-k5-thresh,50,
0.4875873535448004,0.4468085106382978,0.3049645390070922,0.4468085106382978,0.4468085106382978,0.4468085106382978,0.8829787234042553,0.4326241134751772,0.7004201614634402,0.5319148936170213,1.322695035460993,0.3872340425531915,0.8982702043064317,0.6808510638297872,2.4326241134751774,0.346808510638298,1.2808162077853196,0.0770762825012207,13.84,markdown-1200-50,e5-large-ml,dense-k5-neigh,50,
0.5936170212765958,0.4680851063829787,0.3581560283687943,0.4680851063829787,0.4680851063829787,0.723404255319149,0.9042553191489362,0.425531914893617,0.7230264731665423,0.7659574468085106,1.3971631205673758,0.4,0.9436759954933454,0.7659574468085106,1.3971631205673758,0.2,0.9436759954933454,0.0485197734832763,5.0,markdown-1200-50,e5-large-ml,hybrid-k5,50,
0.5806130018237258,0.425531914893617,0.2836879432624113,0.425531914893617,0.425531914893617,0.7446808510638298,0.8865248226950355,0.425531914893617,0.6858896355442824,0.7659574468085106,1.2659574468085106,0.3702127659574468,0.8608028253730529,0.7872340425531915,2.315602836879433,0.3361702127659574,1.231332346067202,0.8108297681808472,20.0,markdown-1200-50,e5-large-ml,dense-k20-rerank5,50,
0.4223404255319149,0.2765957446808511,0.177304964539007,0.2765957446808511,0.2765957446808511,0.5106382978723404,0.5886524822695035,0.2907801418439716,0.4630933497153642,0.6382978723404256,0.925531914893617,0.2765957446808511,0.6172455577514936,0.6382978723404256,0.925531914893617,0.1382978723404255,0.6172455577514936,0.0230611753463745,5.0,markdown-1200-50,bge-m3,dense-k5,50,
0.4366092536305302,0.2765957446808511,0.177304964539007,0.2765957446808511,0.2765957446808511,0.5106382978723404,0.5886524822695035,0.2907801418439716,0.4630933497153642,0.6382978723404256,0.9148936170212766,0.2723404255319149,0.6121987979053384,0.7446808510638298,1.5390070921985817,0.2297872340425532,0.8325456390952644,0.0238883161544799,10.0,markdown-1200-50,bge-m3,dense-k10,50,
0.4223404255319149,0.2765957446808511,0.177304964539007,0.2765957446808511,0.2765957446808511,0.5106382978723404,0.5886524822695035,0.2907801418439716,0.4630933497153642,0.6382978723404256,0.925531914893617,0.2765957446808511,0.6172455577514936,0.6382978723404256,0.925531914893617,0.1382978723404255,0.6172455577514936,0.0225687885284423,5.0,markdown-1200-50,bge-m3,dense-k5-thresh,50,
0.3481723949809056,0.2765957446808511,0.177304964539007,0.2765957446808511,0.2765957446808511,0.2978723404255319,0.5425531914893617,0.2765957446808511,0.4291432806162752,0.5106382978723404,1.0567375886524824,0.3063829787234042,0.6561633363963578,0.574468085106383,1.879432624113476,0.2787234042553191,0.9545847262337656,0.0774876880645751,13.8,markdown-1200-50,bge-m3,dense-k5-neigh,50,
0.4946808510638297,0.3404255319148936,0.25177304964539,0.3404255319148936,0.3404255319148936,0.6382978723404256,0.7446808510638298,0.3546099290780141,0.5816218949818808,0.7021276595744681,1.2269503546099292,0.3531914893617021,0.7993004993868996,0.7021276595744681,1.2269503546099292,0.176595744680851,0.7993004993868996,0.0460594081878662,5.0,markdown-1200-50,bge-m3,hybrid-k5,50,
0.5354863221884499,0.3829787234042553,0.2730496453900708,0.3829787234042553,0.3829787234042553,0.6382978723404256,0.776595744680851,0.3687943262411347,0.6191082674742832,0.7021276595744681,1.0780141843971631,0.3191489361702128,0.7618046669503032,0.7659574468085106,1.8120567375886525,0.2680851063829788,1.0242373737434125,1.4095960140228272,20.0,markdown-1200-50,bge-m3,dense-k20-rerank5,50,
0.4730496453900709,0.3404255319148936,0.2092198581560283,0.3404255319148936,0.3404255319148936,0.6170212765957447,0.6631205673758864,0.326241134751773,0.5121344254339961,0.7021276595744681,0.9680851063829788,0.2893617021276596,0.6531431087006844,0.7021276595744681,0.9680851063829788,0.1446808510638298,0.6531431087006844,0.012856707572937,5.0,markdown-1200-50,granite-311m-ml,dense-k5,50,
0.4819993245525161,0.3404255319148936,0.2092198581560283,0.3404255319148936,0.3404255319148936,0.6170212765957447,0.6631205673758864,0.326241134751773,0.5121344254339961,0.7021276595744681,0.9680851063829788,0.2893617021276596,0.6531431087006844,0.7659574468085106,1.400709219858156,0.2148936170212766,0.8115437261879548,0.0128596019744873,10.0,markdown-1200-50,granite-311m-ml,dense-k10,50,
0.4730496453900709,0.3404255319148936,0.2092198581560283,0.3404255319148936,0.3404255319148936,0.6170212765957447,0.6631205673758864,0.326241134751773,0.5121344254339961,0.7021276595744681,0.9680851063829788,0.2893617021276596,0.6531431087006844,0.7021276595744681,0.9680851063829788,0.1446808510638298,0.6531431087006844,0.0122246503829956,5.0,markdown-1200-50,granite-311m-ml,dense-k5-thresh,50,
0.4044046969578884,0.3404255319148936,0.2092198581560283,0.3404255319148936,0.3404255319148936,0.3404255319148936,0.6063829787234043,0.3333333333333333,0.4977878420105501,0.4893617021276595,0.9574468085106383,0.2978723404255319,0.6543689050140306,0.6595744680851063,2.0531914893617023,0.3042553191489361,1.0376062384836715,0.0684094381332397,13.96,markdown-1200-50,granite-311m-ml,dense-k5-neigh,50,
0.5280141843971631,0.4042553191489361,0.3049645390070922,0.4042553191489361,0.4042553191489361,0.6382978723404256,0.7553191489361702,0.3687943262411347,0.6082862761300665,0.7446808510638298,1.2092198581560285,0.3446808510638298,0.8108675793795771,0.7446808510638298,1.2092198581560285,0.1723404255319149,0.8108675793795771,0.0348835325241088,5.0,markdown-1200-50,granite-311m-ml,hybrid-k5,50,
0.514387031408308,0.3404255319148936,0.2198581560283687,0.3404255319148936,0.3404255319148936,0.6595744680851063,0.8191489361702128,0.3900709219858155,0.6218940069119737,0.723404255319149,1.1737588652482271,0.3446808510638298,0.7866094051229249,0.7872340425531915,1.726950354609929,0.2680851063829788,0.9938110958703232,0.9875197458267212,20.0,markdown-1200-50,granite-311m-ml,dense-k20-rerank5,50,
0.5585106382978723,0.4468085106382978,0.2943262411347517,0.4468085106382978,0.4468085106382978,0.6808510638297872,0.950354609929078,0.425531914893617,0.7261393197703048,0.7021276595744681,1.3439716312056738,0.3702127659574469,0.9044115532358988,0.7021276595744681,1.3439716312056738,0.1851063829787234,0.9044115532358988,0.0149407863616943,5.0,markdown-1200-50,jina-v3,dense-k5,50,
0.5769165822357312,0.4468085106382978,0.2943262411347517,0.4468085106382978,0.4468085106382978,0.6808510638297872,0.950354609929078,0.425531914893617,0.7261393197703048,0.7021276595744681,1.3439716312056738,0.3702127659574469,0.9044115532358988,0.8297872340425532,2.230496453900709,0.325531914893617,1.2243083680548497,0.0146842241287231,10.0,markdown-1200-50,jina-v3,dense-k10,50,
0.5585106382978723,0.4468085106382978,0.2943262411347517,0.4468085106382978,0.4468085106382978,0.6808510638297872,0.950354609929078,0.425531914893617,0.7261393197703048,0.7021276595744681,1.3439716312056738,0.3702127659574469,0.9044115532358988,0.7021276595744681,1.3439716312056738,0.1851063829787234,0.9044115532358988,0.0150256586074829,5.0,markdown-1200-50,jina-v3,dense-k5-thresh,50,
0.5041540020263425,0.4468085106382978,0.2943262411347517,0.4468085106382978,0.4468085106382978,0.4893617021276595,0.8723404255319149,0.4397163120567375,0.6918108983136414,0.6170212765957447,1.4929078014184398,0.4212765957446808,0.9609201598466008,0.7021276595744681,2.8085106382978724,0.3808510638297872,1.41120937133187,0.0784382677078247,13.5,markdown-1200-50,jina-v3,dense-k5-neigh,50,
0.6028368794326242,0.5319148936170213,0.3900709219858156,0.5319148936170213,0.5319148936170213,0.6595744680851063,0.925531914893617,0.4255319148936169,0.7519035825091461,0.7021276595744681,1.4219858156028369,0.3914893617021276,0.9728093162431916,0.7021276595744681,1.4219858156028369,0.1957446808510638,0.9728093162431916,0.0375147056579589,5.0,markdown-1200-50,jina-v3,hybrid-k5,50,
0.6162011725182794,0.4893617021276595,0.3475177304964539,0.4893617021276595,0.4893617021276595,0.723404255319149,0.9822695035460994,0.4539007092198581,0.7707215459822081,0.7872340425531915,1.4680851063829787,0.4170212765957447,0.990725509035416,0.8297872340425532,2.6205673758865244,0.3787234042553191,1.3978289342984922,0.966752986907959,20.0,markdown-1200-50,jina-v3,dense-k20-rerank5,50,
,,,,,,,,,,,,,,,,,,,markdown-1200-50,jina-v2-base-en,dense-k5,50,"retriever_init_failed: CUDA out of memory. Tried to allocate 117.59 GiB. GPU 0 has a total capacity of 119.64 GiB of which 62.04 GiB is free. Including non-PyTorch memory, this process has 19.43 GiB memory in use. 101.69 GiB allowed; Of the allocated memory 19.17 GiB is allocated by PyTorch, and 55.34 MiB is reserved by PyTorch but unallocated. If reserved but unallocated memory is large try setting PYTORCH_CUDA_ALLOC_CONF=expandable_segments:True to avoid fragmentation.  See documentation for Memory Management  (https://docs.pytorch.org/docs/stable/notes/cuda.html#optimizing-memory-usage-with-pytorch-cuda-alloc-conf)"
,,,,,,,,,,,,,,,,,,,markdown-1200-50,jina-v2-base-en,dense-k10,50,"retriever_init_failed_cached: CUDA out of memory. Tried to allocate 117.59 GiB. GPU 0 has a total capacity of 119.64 GiB of which 62.04 GiB is free. Including non-PyTorch memory, this process has 19.43 GiB memory in use. 101.69 GiB allowed; Of the allocated memory 19.17 GiB is allocated by PyTorch, and 55.34 MiB is reserved by PyTorch but unallocated. If reserved but unallocated memory is large try setting PYTORCH_CUDA_ALLOC_CONF=expandable_segments:True to avoid fragmentation.  See documentation for Memory Management  (https://docs.pytorch.org/docs/stable/notes/cuda.html#optimizing-memory-usage-with-pytorch-cuda-alloc-conf)"
,,,,,,,,,,,,,,,,,,,markdown-1200-50,jina-v2-base-en,dense-k5-thresh,50,"retriever_init_failed_cached: CUDA out of memory. Tried to allocate 117.59 GiB. GPU 0 has a total capacity of 119.64 GiB of which 62.04 GiB is free. Including non-PyTorch memory, this process has 19.43 GiB memory in use. 101.69 GiB allowed; Of the allocated memory 19.17 GiB is allocated by PyTorch, and 55.34 MiB is reserved by PyTorch but unallocated. If reserved but unallocated memory is large try setting PYTORCH_CUDA_ALLOC_CONF=expandable_segments:True to avoid fragmentation.  See documentation for Memory Management  (https://docs.pytorch.org/docs/stable/notes/cuda.html#optimizing-memory-usage-with-pytorch-cuda-alloc-conf)"
,,,,,,,,,,,,,,,,,,,markdown-1200-50,jina-v2-base-en,dense-k5-neigh,50,"retriever_init_failed_cached: CUDA out of memory. Tried to allocate 117.59 GiB. GPU 0 has a total capacity of 119.64 GiB of which 62.04 GiB is free. Including non-PyTorch memory, this process has 19.43 GiB memory in use. 101.69 GiB allowed; Of the allocated memory 19.17 GiB is allocated by PyTorch, and 55.34 MiB is reserved by PyTorch but unallocated. If reserved but unallocated memory is large try setting PYTORCH_CUDA_ALLOC_CONF=expandable_segments:True to avoid fragmentation.  See documentation for Memory Management  (https://docs.pytorch.org/docs/stable/notes/cuda.html#optimizing-memory-usage-with-pytorch-cuda-alloc-conf)"
,,,,,,,,,,,,,,,,,,,markdown-1200-50,jina-v2-base-en,hybrid-k5,50,"retriever_init_failed_cached: CUDA out of memory. Tried to allocate 117.59 GiB. GPU 0 has a total capacity of 119.64 GiB of which 62.04 GiB is free. Including non-PyTorch memory, this process has 19.43 GiB memory in use. 101.69 GiB allowed; Of the allocated memory 19.17 GiB is allocated by PyTorch, and 55.34 MiB is reserved by PyTorch but unallocated. If reserved but unallocated memory is large try setting PYTORCH_CUDA_ALLOC_CONF=expandable_segments:True to avoid fragmentation.  See documentation for Memory Management  (https://docs.pytorch.org/docs/stable/notes/cuda.html#optimizing-memory-usage-with-pytorch-cuda-alloc-conf)"
,,,,,,,,,,,,,,,,,,,markdown-1200-50,jina-v2-base-en,dense-k20-rerank5,50,"retriever_init_failed_cached: CUDA out of memory. Tried to allocate 117.59 GiB. GPU 0 has a total capacity of 119.64 GiB of which 62.04 GiB is free. Including non-PyTorch memory, this process has 19.43 GiB memory in use. 101.69 GiB allowed; Of the allocated memory 19.17 GiB is allocated by PyTorch, and 55.34 MiB is reserved by PyTorch but unallocated. If reserved but unallocated memory is large try setting PYTORCH_CUDA_ALLOC_CONF=expandable_segments:True to avoid fragmentation.  See documentation for Memory Management  (https://docs.pytorch.org/docs/stable/notes/cuda.html#optimizing-memory-usage-with-pytorch-cuda-alloc-conf)"
0.624822695035461,0.4680851063829787,0.326241134751773,0.4680851063829787,0.4680851063829787,0.7659574468085106,0.8936170212765957,0.4255319148936169,0.7211237459648483,0.8297872340425532,1.3546099290780145,0.3957446808510638,0.9324340484777288,0.8297872340425532,1.3546099290780145,0.1978723404255319,0.9324340484777288,0.0247202634811401,5.0,markdown-1200-50,nomic-v2,dense-k5,50,
0.6310283687943262,0.4680851063829787,0.326241134751773,0.4680851063829787,0.4680851063829787,0.7659574468085106,0.8936170212765957,0.4255319148936169,0.7211237459648483,0.8297872340425532,1.3546099290780145,0.3957446808510638,0.9324340484777288,0.8723404255319149,2.2624113475177308,0.3446808510638298,1.261480458074225,0.026127700805664,10.0,markdown-1200-50,nomic-v2,dense-k10,50,
0.624822695035461,0.4680851063829787,0.326241134751773,0.4680851063829787,0.4680851063829787,0.7659574468085106,0.8936170212765957,0.4255319148936169,0.7211237459648483,0.8297872340425532,1.3546099290780145,0.3957446808510638,0.9324340484777288,0.8297872340425532,1.3546099290780145,0.1978723404255319,0.9324340484777288,0.0232264280319213,5.0,markdown-1200-50,nomic-v2,dense-k5-thresh,50,
0.5441223079520952,0.4680851063829787,0.326241134751773,0.4680851063829787,0.4680851063829787,0.4680851063829787,0.9361702127659576,0.4468085106382978,0.737528181598268,0.723404255319149,1.652482269503546,0.4680851063829787,1.056779444881104,0.8085106382978723,2.7624113475177308,0.4,1.4568879459027533,0.0841620397567749,13.52,markdown-1200-50,nomic-v2,dense-k5-neigh,50,
0.6053191489361702,0.4680851063829787,0.3687943262411348,0.4680851063829787,0.4680851063829787,0.7021276595744681,0.9042553191489362,0.425531914893617,0.7305580651946466,0.8297872340425532,1.4326241134751772,0.4127659574468085,0.9718947208873742,0.8297872340425532,1.4326241134751772,0.2063829787234042,0.9718947208873742,0.0480214834213256,5.0,markdown-1200-50,nomic-v2,hybrid-k5,50,
0.5797646589261107,0.425531914893617,0.2943262411347517,0.425531914893617,0.425531914893617,0.723404255319149,0.9042553191489362,0.4326241134751774,0.7032059009011307,0.723404255319149,1.2801418439716312,0.3787234042553192,0.8793692419612927,0.8297872340425532,2.375886524822695,0.3595744680851064,1.274227006337768,1.3256243085861206,20.0,markdown-1200-50,nomic-v2,dense-k20-rerank5,50,
0.6460992907801418,0.5531914893617021,0.4113475177304965,0.5531914893617021,0.5531914893617021,0.7446808510638298,0.9893617021276596,0.4680851063829787,0.8050950718708483,0.8085106382978723,1.5886524822695034,0.4510638297872341,1.0757107015994427,0.8085106382978723,1.5886524822695034,0.225531914893617,1.0757107015994427,0.2677077436447143,5.0,markdown-1200-50,qwen3-embed-8b,dense-k5,50,
0.649645390070922,0.5531914893617021,0.4113475177304965,0.5531914893617021,0.5531914893617021,0.7446808510638298,0.9893617021276596,0.4680851063829787,0.8050950718708483,0.8085106382978723,1.5886524822695034,0.4510638297872341,1.0757107015994427,0.8297872340425532,2.5319148936170213,0.3808510638297873,1.4239882306045084,0.2869271421432495,10.0,markdown-1200-50,qwen3-embed-8b,dense-k10,50,
0.6460992907801418,0.5531914893617021,0.4113475177304965,0.5531914893617021,0.5531914893617021,0.7446808510638298,0.9893617021276596,0.4680851063829787,0.8050950718708483,0.8085106382978723,1.5886524822695034,0.4510638297872341,1.0757107015994427,0.8085106382978723,1.5886524822695034,0.225531914893617,1.0757107015994427,0.2683695983886718,5.0,markdown-1200-50,qwen3-embed-8b,dense-k5-thresh,50,
0.5973074207116761,0.5531914893617021,0.4113475177304965,0.5531914893617021,0.5531914893617021,0.5531914893617021,1.2127659574468086,0.5460992907801419,0.9336376585749298,0.6595744680851063,1.7375886524822692,0.4808510638297872,1.170212404311362,0.7872340425531915,3.134751773049645,0.4489361702127659,1.661747145334226,0.3370854663848877,13.34,markdown-1200-50,qwen3-embed-8b,dense-k5-neigh,50,
0.6407801418439717,0.5531914893617021,0.4326241134751774,0.5531914893617021,0.5531914893617021,0.7021276595744681,1.0319148936170213,0.4751773049645389,0.838844341324713,0.7872340425531915,1.5886524822695036,0.4425531914893617,1.0874058596463172,0.7872340425531915,1.5886524822695036,0.2212765957446808,1.0874058596463172,0.2892875337600708,5.0,markdown-1200-50,qwen3-embed-8b,hybrid-k5,50,
0.5622770255748979,0.4042553191489361,0.2624113475177305,0.4042553191489361,0.4042553191489361,0.6595744680851063,0.8120567375886526,0.3971631205673759,0.6398289581490392,0.7659574468085106,1.2765957446808511,0.3787234042553191,0.852668576509575,0.851063829787234,2.3049645390070923,0.3446808510638298,1.2191033389427468,1.430429720878601,20.0,markdown-1200-50,qwen3-embed-8b,dense-k20-rerank5,50,
,,,,,,,,,,,,,,,,,,,markdown-1200-50,gte-qwen2-7b,dense-k5,50,retriever_init_failed: 'DynamicCache' object has no attribute 'get_usable_length'
,,,,,,,,,,,,,,,,,,,markdown-1200-50,gte-qwen2-7b,dense-k10,50,retriever_init_failed_cached: 'DynamicCache' object has no attribute 'get_usable_length'
,,,,,,,,,,,,,,,,,,,markdown-1200-50,gte-qwen2-7b,dense-k5-thresh,50,retriever_init_failed_cached: 'DynamicCache' object has no attribute 'get_usable_length'
,,,,,,,,,,,,,,,,,,,markdown-1200-50,gte-qwen2-7b,dense-k5-neigh,50,retriever_init_failed_cached: 'DynamicCache' object has no attribute 'get_usable_length'
,,,,,,,,,,,,,,,,,,,markdown-1200-50,gte-qwen2-7b,hybrid-k5,50,retriever_init_failed_cached: 'DynamicCache' object has no attribute 'get_usable_length'
,,,,,,,,,,,,,,,,,,,markdown-1200-50,gte-qwen2-7b,dense-k20-rerank5,50,retriever_init_failed_cached: 'DynamicCache' object has no attribute 'get_usable_length'
,,,,,,,,,,,,,,,,,,,markdown-1200-50,nv-embed-v2,dense-k5,50,retriever_init_failed: 'NVEmbedModel' object has no attribute 'all_tied_weights_keys'
,,,,,,,,,,,,,,,,,,,markdown-1200-50,nv-embed-v2,dense-k10,50,retriever_init_failed_cached: 'NVEmbedModel' object has no attribute 'all_tied_weights_keys'
,,,,,,,,,,,,,,,,,,,markdown-1200-50,nv-embed-v2,dense-k5-thresh,50,retriever_init_failed_cached: 'NVEmbedModel' object has no attribute 'all_tied_weights_keys'
,,,,,,,,,,,,,,,,,,,markdown-1200-50,nv-embed-v2,dense-k5-neigh,50,retriever_init_failed_cached: 'NVEmbedModel' object has no attribute 'all_tied_weights_keys'
,,,,,,,,,,,,,,,,,,,markdown-1200-50,nv-embed-v2,hybrid-k5,50,retriever_init_failed_cached: 'NVEmbedModel' object has no attribute 'all_tied_weights_keys'
,,,,,,,,,,,,,,,,,,,markdown-1200-50,nv-embed-v2,dense-k20-rerank5,50,retriever_init_failed_cached: 'NVEmbedModel' object has no attribute 'all_tied_weights_keys'
0.5042553191489362,0.3829787234042553,0.2730496453900709,0.3829787234042553,0.3829787234042553,0.6382978723404256,0.7446808510638298,0.3758865248226949,0.5973959334209991,0.7021276595744681,1.1134751773049645,0.3404255319148936,0.7663277116118591,0.7021276595744681,1.1134751773049645,0.1702127659574468,0.7663277116118591,0.0226139450073242,5.0,markdown-1200-50,camembert-large,dense-k5,50,
0.5101654846335697,0.3829787234042553,0.2730496453900709,0.3829787234042553,0.3829787234042553,0.6382978723404256,0.7446808510638298,0.3758865248226949,0.5973959334209991,0.7021276595744681,1.1134751773049645,0.3404255319148936,0.7663277116118591,0.7446808510638298,1.8297872340425527,0.2765957446808511,1.0203727830848732,0.0212788152694702,10.0,markdown-1200-50,camembert-large,dense-k10,50,
0.5042553191489362,0.3829787234042553,0.2730496453900709,0.3829787234042553,0.3829787234042553,0.6382978723404256,0.7446808510638298,0.3758865248226949,0.5973959334209991,0.7021276595744681,1.1134751773049645,0.3404255319148936,0.7663277116118591,0.7021276595744681,1.1134751773049645,0.1702127659574468,0.7663277116118591,0.0203004598617553,5.0,markdown-1200-50,camembert-large,dense-k5-thresh,50,
0.4395566608332565,0.3829787234042553,0.2730496453900709,0.3829787234042553,0.3829787234042553,0.3829787234042553,0.8191489361702128,0.3829787234042553,0.6341829871492813,0.5106382978723404,1.2801418439716312,0.3659574468085106,0.8426982605314619,0.6808510638297872,2.276595744680851,0.3425531914893616,1.2045117804067944,0.0733008003234863,13.74,markdown-1200-50,camembert-large,dense-k5-neigh,50,
0.4836879432624114,0.3404255319148936,0.2411347517730496,0.3404255319148936,0.3404255319148936,0.574468085106383,0.7659574468085106,0.3546099290780141,0.586184624305386,0.7446808510638298,1.25177304964539,0.3617021276595745,0.8104877475667863,0.7446808510638298,1.25177304964539,0.1808510638297872,0.8104877475667863,0.0430547761917114,5.0,markdown-1200-50,camembert-large,hybrid-k5,50,
0.5387115839243499,0.4042553191489361,0.3049645390070922,0.4042553191489361,0.4042553191489361,0.6595744680851063,0.8120567375886526,0.3900709219858155,0.6455261743402999,0.723404255319149,1.1666666666666667,0.3531914893617021,0.8158929243552026,0.7659574468085106,2.0460992907801416,0.3191489361702128,1.1383535390996242,1.435833067893982,20.0,markdown-1200-50,camembert-large,dense-k20-rerank5,50,
0.6390070921985815,0.574468085106383,0.4219858156028369,0.574468085106383,0.574468085106383,0.6808510638297872,0.8404255319148937,0.3900709219858155,0.7151165287808637,0.7872340425531915,1.400709219858156,0.3829787234042554,0.9578408786055356,0.7872340425531915,1.400709219858156,0.1914893617021277,0.9578408786055356,0.0229954385757446,5.0,markdown-1200-50,solon-large,dense-k5,50,
0.6478723404255319,0.574468085106383,0.4219858156028369,0.574468085106383,0.574468085106383,0.6808510638297872,0.8404255319148937,0.3900709219858155,0.7151165287808637,0.7872340425531915,1.3900709219858156,0.3787234042553191,0.9527941187593802,0.851063829787234,2.386524822695036,0.3319148936170212,1.3055419910331238,0.0224926424026489,10.0,markdown-1200-50,solon-large,dense-k10,50,
0.6319148936170212,0.574468085106383,0.4219858156028369,0.574468085106383,0.574468085106383,0.6595744680851063,0.8191489361702128,0.3829787234042552,0.7044782309085232,0.7659574468085106,1.3794326241134751,0.3787234042553191,0.947202580733195,0.7659574468085106,1.3794326241134751,0.1893617021276595,0.947202580733195,0.0232643270492553,4.84,markdown-1200-50,solon-large,dense-k5-thresh,50,
0.602092588262801,0.574468085106383,0.4219858156028369,0.574468085106383,0.574468085106383,0.574468085106383,1.24468085106383,0.5673758865248227,0.961437096795839,0.5957446808510638,1.6418439716312054,0.4510638297872341,1.1379566785604525,0.7659574468085106,2.539007092198582,0.348936170212766,1.444350241246596,0.0767341613769531,13.56,markdown-1200-50,solon-large,dense-k5-neigh,50,
0.6081560283687943,0.5106382978723404,0.3900709219858156,0.5106382978723404,0.5106382978723404,0.6808510638297872,0.8723404255319149,0.4042553191489361,0.7172029494544343,0.7872340425531915,1.50354609929078,0.4127659574468085,0.9958669009437436,0.7872340425531915,1.50354609929078,0.2063829787234042,0.9958669009437436,0.0439315366744995,5.0,markdown-1200-50,solon-large,hybrid-k5,50,
0.5958636517147156,0.4680851063829787,0.326241134751773,0.4680851063829787,0.4680851063829787,0.6808510638297872,0.9184397163120568,0.4255319148936169,0.7218975568533451,0.7446808510638298,1.4148936170212767,0.4042553191489361,0.9475199905995866,0.8936170212765957,2.404255319148936,0.3425531914893617,1.295315443910232,0.9732056760787964,20.0,markdown-1200-50,solon-large,dense-k20-rerank5,50,
,,,,,,,,,,,,,,,,,,,markdown-1200-50,bilingual-fr-en,dense-k5,50,retriever_init_failed: No module named 'transformers.onnx'
,,,,,,,,,,,,,,,,,,,markdown-1200-50,bilingual-fr-en,dense-k10,50,retriever_init_failed_cached: No module named 'transformers.onnx'
,,,,,,,,,,,,,,,,,,,markdown-1200-50,bilingual-fr-en,dense-k5-thresh,50,retriever_init_failed_cached: No module named 'transformers.onnx'
,,,,,,,,,,,,,,,,,,,markdown-1200-50,bilingual-fr-en,dense-k5-neigh,50,retriever_init_failed_cached: No module named 'transformers.onnx'
,,,,,,,,,,,,,,,,,,,markdown-1200-50,bilingual-fr-en,hybrid-k5,50,retriever_init_failed_cached: No module named 'transformers.onnx'
,,,,,,,,,,,,,,,,,,,markdown-1200-50,bilingual-fr-en,dense-k20-rerank5,50,retriever_init_failed_cached: No module named 'transformers.onnx'
0.5627659574468086,0.4042553191489361,0.2978723404255319,0.4042553191489361,0.4042553191489361,0.7021276595744681,0.9680851063829788,0.4468085106382978,0.7372072151917225,0.7872340425531915,1.400709219858156,0.3914893617021277,0.9311178111099268,0.7872340425531915,1.400709219858156,0.1957446808510638,0.9311178111099268,0.0574318170547485,5.0,markdown-1200-50,ada-002,dense-k5,50,
0.574290780141844,0.4042553191489361,0.2978723404255319,0.4042553191489361,0.4042553191489361,0.7021276595744681,0.9680851063829788,0.4468085106382978,0.7372072151917225,0.7872340425531915,1.3900709219858156,0.3872340425531915,0.9260710512637716,0.8723404255319149,2.48581560283688,0.351063829787234,1.311223271873337,0.0552823829650878,10.0,markdown-1200-50,ada-002,dense-k10,50,
0.5627659574468086,0.4042553191489361,0.2978723404255319,0.4042553191489361,0.4042553191489361,0.7021276595744681,0.9680851063829788,0.4468085106382978,0.7372072151917225,0.7872340425531915,1.400709219858156,0.3914893617021277,0.9311178111099268,0.7872340425531915,1.400709219858156,0.1957446808510638,0.9311178111099268,0.0565810680389404,5.0,markdown-1200-50,ada-002,dense-k5-thresh,50,
0.4799041384147767,0.4042553191489361,0.2978723404255319,0.4042553191489361,0.4042553191489361,0.4042553191489361,0.8723404255319149,0.3971631205673758,0.6754064626802215,0.6382978723404256,1.4893617021276595,0.4170212765957446,0.954140814440793,0.7659574468085106,2.8297872340425534,0.3914893617021277,1.4202535089789514,0.1155655908584594,13.46,markdown-1200-50,ada-002,dense-k5-neigh,50,
0.5691489361702127,0.425531914893617,0.3475177304964539,0.425531914893617,0.425531914893617,0.723404255319149,0.9609929078014184,0.4397163120567374,0.7489287547403153,0.7446808510638298,1.482269503546099,0.4127659574468085,0.98181580183692,0.7446808510638298,1.482269503546099,0.2063829787234042,0.98181580183692,0.0864859914779663,5.0,markdown-1200-50,ada-002,hybrid-k5,50,
0.6069148936170212,0.425531914893617,0.2836879432624113,0.425531914893617,0.425531914893617,0.7659574468085106,1.0106382978723405,0.4680851063829787,0.7645025637391775,0.8085106382978723,1.4042553191489362,0.3914893617021276,0.9381149276128437,0.8936170212765957,2.666666666666667,0.3808510638297873,1.3831715468966077,1.0788550901412963,20.0,markdown-1200-50,ada-002,dense-k20-rerank5,50,
0.5627659574468086,0.4042553191489361,0.2978723404255319,0.4042553191489361,0.4042553191489361,0.7021276595744681,0.9680851063829788,0.4468085106382978,0.7372072151917225,0.7872340425531915,1.3900709219858156,0.3872340425531915,0.9260710512637716,0.7872340425531915,1.3900709219858156,0.1936170212765957,0.9260710512637716,3.1110439252853395,5.0,markdown-1200-50,embed-3-large,dense-k5,50,
0.574290780141844,0.4042553191489361,0.2978723404255319,0.4042553191489361,0.4042553191489361,0.7021276595744681,0.9680851063829788,0.4468085106382978,0.7372072151917225,0.7872340425531915,1.3900709219858156,0.3872340425531915,0.9260710512637716,0.8723404255319149,2.48581560283688,0.351063829787234,1.311223271873337,3.1063054180145264,10.0,markdown-1200-50,embed-3-large,dense-k10,50,
0.5627659574468086,0.4042553191489361,0.2978723404255319,0.4042553191489361,0.4042553191489361,0.7021276595744681,0.9680851063829788,0.4468085106382978,0.7372072151917225,0.7872340425531915,1.3900709219858156,0.3872340425531915,0.9260710512637716,0.7872340425531915,1.3900709219858156,0.1936170212765957,0.9260710512637716,3.108937339782715,5.0,markdown-1200-50,embed-3-large,dense-k5-thresh,50,
0.4799041384147767,0.4042553191489361,0.2978723404255319,0.4042553191489361,0.4042553191489361,0.4042553191489361,0.8723404255319149,0.3971631205673758,0.6754064626802215,0.6382978723404256,1.4893617021276595,0.4170212765957446,0.954140814440793,0.7659574468085106,2.8297872340425534,0.3914893617021277,1.4202535089789514,3.162747163772583,13.5,markdown-1200-50,embed-3-large,dense-k5-neigh,50,
0.5691489361702127,0.425531914893617,0.3475177304964539,0.425531914893617,0.425531914893617,0.723404255319149,0.9609929078014184,0.4397163120567374,0.7489287547403153,0.7446808510638298,1.482269503546099,0.4127659574468085,0.98181580183692,0.7446808510638298,1.482269503546099,0.2063829787234042,0.98181580183692,3.150948977470398,5.0,markdown-1200-50,embed-3-large,hybrid-k5,50,
0.6069148936170212,0.425531914893617,0.2836879432624113,0.425531914893617,0.425531914893617,0.7659574468085106,1.0106382978723405,0.4680851063829787,0.7645025637391775,0.8085106382978723,1.4042553191489362,0.3914893617021276,0.9381149276128437,0.8936170212765957,2.666666666666667,0.3808510638297873,1.382983233985167,4.126974811553955,20.0,markdown-1200-50,embed-3-large,dense-k20-rerank5,50,
0.4801418439716312,0.3829787234042553,0.3085106382978723,0.3829787234042553,0.3829787234042553,0.5531914893617021,0.7659574468085106,0.3404255319148935,0.6049275254491032,0.6382978723404256,1.180851063829787,0.3191489361702127,0.7884246391130781,0.6382978723404256,1.180851063829787,0.1595744680851063,0.7884246391130781,0.004269700050354,5.0,markdown-reference-1000-100,minilm-l6,dense-k5,50,
0.4863475177304964,0.3829787234042553,0.3085106382978723,0.3829787234042553,0.3829787234042553,0.5531914893617021,0.7659574468085106,0.3404255319148935,0.6049275254491032,0.6382978723404256,1.180851063829787,0.3191489361702127,0.7884246391130781,0.6808510638297872,1.7765957446808511,0.2468085106382978,0.9978855971831851,0.0043028116226196,10.0,markdown-reference-1000-100,minilm-l6,dense-k10,50,
0.4801418439716312,0.3829787234042553,0.3085106382978723,0.3829787234042553,0.3829787234042553,0.5531914893617021,0.7659574468085106,0.3404255319148935,0.6049275254491032,0.6382978723404256,1.180851063829787,0.3191489361702127,0.7884246391130781,0.6382978723404256,1.180851063829787,0.1595744680851063,0.7884246391130781,0.0039513635635375,5.0,markdown-reference-1000-100,minilm-l6,dense-k5-thresh,50,
0.4314901410646091,0.3829787234042553,0.3085106382978723,0.3829787234042553,0.3829787234042553,0.4042553191489361,0.8723404255319149,0.3687943262411347,0.6679322566031461,0.5319148936170213,1.3085106382978724,0.3446808510638298,0.8626663116531887,0.5957446808510638,2.0638297872340425,0.2851063829787234,1.132330136404747,0.0329324960708618,13.38,markdown-reference-1000-100,minilm-l6,dense-k5-neigh,50,
0.5226950354609929,0.425531914893617,0.3297872340425531,0.425531914893617,0.425531914893617,0.6382978723404256,0.8900709219858156,0.3971631205673758,0.6861649273138835,0.6808510638297872,1.2801418439716312,0.3531914893617021,0.8603215857031243,0.6808510638297872,1.2801418439716312,0.176595744680851,0.8603215857031243,0.0170919895172119,5.0,markdown-reference-1000-100,minilm-l6,hybrid-k5,50,
0.5608048166838759,0.4468085106382978,0.2943262411347517,0.4468085106382978,0.4468085106382978,0.6595744680851063,0.953900709219858,0.4468085106382978,0.7387089133079361,0.6595744680851063,1.4397163120567378,0.4,0.9528371926035368,0.723404255319149,2.1382978723404253,0.2978723404255319,1.199138670344808,0.3688053035736084,20.0,markdown-reference-1000-100,minilm-l6,dense-k20-rerank5,50,
0.4581560283687942,0.3617021276595745,0.2553191489361702,0.3617021276595745,0.3617021276595745,0.5531914893617021,0.6560283687943262,0.3191489361702128,0.5264641517079295,0.6170212765957447,1.0390070921985817,0.2936170212765958,0.6951816952171739,0.6170212765957447,1.0390070921985817,0.1468085106382979,0.6951816952171739,0.0101435375213623,5.0,markdown-reference-1000-100,mpnet-base,dense-k5,50,
0.4760216143194867,0.3617021276595745,0.2553191489361702,0.3617021276595745,0.3617021276595745,0.5531914893617021,0.6560283687943262,0.3191489361702128,0.5264641517079295,0.6170212765957447,1.0390070921985817,0.2936170212765958,0.6951816952171739,0.7659574468085106,1.7411347517730498,0.2425531914893616,0.9386523215210268,0.0097669458389282,10.0,markdown-reference-1000-100,mpnet-base,dense-k10,50,
0.4581560283687942,0.3617021276595745,0.2553191489361702,0.3617021276595745,0.3617021276595745,0.5531914893617021,0.6560283687943262,0.3191489361702128,0.5264641517079295,0.6170212765957447,1.0390070921985817,0.2936170212765958,0.6951816952171739,0.6170212765957447,1.0390070921985817,0.1468085106382979,0.6951816952171739,0.009439377784729,5.0,markdown-reference-1000-100,mpnet-base,dense-k5-thresh,50,
0.4071520677903656,0.3617021276595745,0.2553191489361702,0.3617021276595745,0.3617021276595745,0.3617021276595745,0.7021276595744681,0.3333333333333332,0.56104461800132,0.4680851063829787,1.0425531914893618,0.3021276595744681,0.7159434295750824,0.5957446808510638,1.925531914893617,0.2808510638297872,1.0288162641626888,0.045672287940979,13.64,markdown-reference-1000-100,mpnet-base,dense-k5-neigh,50,
0.5273049645390071,0.4468085106382978,0.3262411347517731,0.4468085106382978,0.4468085106382978,0.5957446808510638,0.7624113475177305,0.3546099290780141,0.6221343404346167,0.6382978723404256,1.216312056737589,0.3404255319148935,0.8249244135861292,0.6382978723404256,1.216312056737589,0.1702127659574467,0.8249244135861292,0.0268649578094482,5.0,markdown-reference-1000-100,mpnet-base,hybrid-k5,50,
0.5533772374197906,0.425531914893617,0.2836879432624113,0.425531914893617,0.425531914893617,0.6808510638297872,0.8794326241134752,0.4113475177304964,0.6739961138378973,0.7021276595744681,1.3439716312056738,0.374468085106383,0.881263467549828,0.7872340425531915,2.109929078014184,0.2936170212765958,1.1454978202431023,0.3895576524734497,20.0,markdown-reference-1000-100,mpnet-base,dense-k20-rerank5,50,
0.4613475177304963,0.3404255319148936,0.2198581560283688,0.3404255319148936,0.3404255319148936,0.5531914893617021,0.7021276595744681,0.3475177304964539,0.5486982518129835,0.6808510638297872,1.1560283687943262,0.3319148936170212,0.7465405983152198,0.6808510638297872,1.1560283687943262,0.1659574468085106,0.7465405983152198,0.0054968309402465,5.0,markdown-reference-1000-100,e5-small-ml,dense-k5,50,
0.4761229314420804,0.3404255319148936,0.2198581560283688,0.3404255319148936,0.3404255319148936,0.5531914893617021,0.7021276595744681,0.3475177304964539,0.5486982518129835,0.6808510638297872,1.1560283687943262,0.3319148936170212,0.7465405983152198,0.7872340425531915,2.131205673758865,0.3021276595744681,1.086696063673679,0.0052143430709838,10.0,markdown-reference-1000-100,e5-small-ml,dense-k10,50,
0.4613475177304963,0.3404255319148936,0.2198581560283688,0.3404255319148936,0.3404255319148936,0.5531914893617021,0.7021276595744681,0.3475177304964539,0.5486982518129835,0.6808510638297872,1.1560283687943262,0.3319148936170212,0.7465405983152198,0.6808510638297872,1.1560283687943262,0.1659574468085106,0.7465405983152198,0.0051138067245483,5.0,markdown-reference-1000-100,e5-small-ml,dense-k5-thresh,50,
0.4001007857390836,0.3404255319148936,0.2198581560283688,0.3404255319148936,0.3404255319148936,0.3617021276595745,0.6595744680851063,0.3404255319148936,0.5259656325890336,0.4893617021276595,1.1631205673758864,0.3489361702127659,0.7518751477862768,0.6382978723404256,2.074468085106383,0.3063829787234042,1.0724417813812417,0.0346608018875122,13.5,markdown-reference-1000-100,e5-small-ml,dense-k5-neigh,50,
0.501063829787234,0.4042553191489361,0.2730496453900708,0.4042553191489361,0.4042553191489361,0.5957446808510638,0.7695035460992908,0.3687943262411347,0.605219674368217,0.7021276595744681,1.25531914893617,0.3574468085106382,0.8212874181581089,0.7021276595744681,1.25531914893617,0.1787234042553191,0.8212874181581089,0.0187142419815063,5.0,markdown-reference-1000-100,e5-small-ml,hybrid-k5,50,
0.5687658677020379,0.425531914893617,0.2836879432624113,0.425531914893617,0.425531914893617,0.6808510638297872,0.897163120567376,0.4255319148936171,0.6885266397570547,0.7659574468085106,1.3333333333333337,0.3744680851063829,0.8826912155213602,0.7659574468085106,2.237588652482269,0.3212765957446808,1.204170497266048,0.3862656021118164,20.0,markdown-reference-1000-100,e5-small-ml,dense-k20-rerank5,50,
0.6152482269503545,0.4680851063829787,0.3262411347517731,0.4680851063829787,0.4680851063829787,0.7659574468085106,0.9574468085106383,0.4680851063829787,0.7625992663325154,0.7872340425531915,1.3971631205673758,0.4085106382978724,0.961592730869264,0.7872340425531915,1.3971631205673758,0.2042553191489362,0.961592730869264,0.0083793449401855,5.0,markdown-reference-1000-100,e5-base-ml,dense-k5,50,
0.6239614994934144,0.4680851063829787,0.3262411347517731,0.4680851063829787,0.4680851063829787,0.7659574468085106,0.9574468085106383,0.4680851063829787,0.7625992663325154,0.7872340425531915,1.3971631205673758,0.4085106382978724,0.961592730869264,0.851063829787234,2.5177304964539005,0.3659574468085107,1.3596930613279583,0.0094431543350219,10.0,markdown-reference-1000-100,e5-base-ml,dense-k10,50,
0.6152482269503545,0.4680851063829787,0.3262411347517731,0.4680851063829787,0.4680851063829787,0.7659574468085106,0.9574468085106383,0.4680851063829787,0.7625992663325154,0.7872340425531915,1.3971631205673758,0.4085106382978724,0.961592730869264,0.7872340425531915,1.3971631205673758,0.2042553191489362,0.961592730869264,0.0093957567214965,5.0,markdown-reference-1000-100,e5-base-ml,dense-k5-thresh,50,
0.5436170212765957,0.4680851063829787,0.3262411347517731,0.4680851063829787,0.4680851063829787,0.4680851063829787,0.9361702127659576,0.4539007092198582,0.7416436369943803,0.7659574468085106,1.7375886524822692,0.5021276595744681,1.1011215026870078,0.7872340425531915,2.7517730496453896,0.4085106382978723,1.468925412086119,0.0395659446716308,13.0,markdown-reference-1000-100,e5-base-ml,dense-k5-neigh,50,
0.5485815602836879,0.4042553191489361,0.3049645390070922,0.4042553191489361,0.4042553191489361,0.6595744680851063,0.8439716312056739,0.3971631205673758,0.6628360499137869,0.7872340425531915,1.4751773049645391,0.4212765957446809,0.9478705404133764,0.7872340425531915,1.4751773049645391,0.2106382978723404,0.9478705404133764,0.0231486654281616,5.0,markdown-reference-1000-100,e5-base-ml,hybrid-k5,50,
0.5773893954745019,0.425531914893617,0.2730496453900708,0.425531914893617,0.425531914893617,0.6595744680851063,0.9007092198581559,0.425531914893617,0.694069301145004,0.8085106382978723,1.5106382978723405,0.4340425531914893,0.9687970389279982,0.8723404255319149,2.5354609929078014,0.3723404255319149,1.3362530527991716,0.3890013742446899,20.0,markdown-reference-1000-100,e5-base-ml,dense-k20-rerank5,50,
0.5556737588652482,0.425531914893617,0.2836879432624113,0.425531914893617,0.425531914893617,0.7021276595744681,0.8829787234042553,0.4184397163120567,0.6781348161668834,0.7872340425531915,1.3900709219858156,0.4,0.907873821089808,0.7872340425531915,1.3900709219858156,0.2,0.907873821089808,0.0229065561294555,5.0,markdown-reference-1000-100,e5-large-ml,dense-k5,50,
0.5625886524822695,0.425531914893617,0.2836879432624113,0.425531914893617,0.425531914893617,0.7021276595744681,0.8829787234042553,0.4184397163120567,0.6781348161668834,0.7872340425531915,1.3900709219858156,0.4,0.907873821089808,0.851063829787234,2.5070921985815606,0.3659574468085106,1.303622748705416,0.0231001329421997,10.0,markdown-reference-1000-100,e5-large-ml,dense-k10,50,
0.5556737588652482,0.425531914893617,0.2836879432624113,0.425531914893617,0.425531914893617,0.7021276595744681,0.8829787234042553,0.4184397163120567,0.6781348161668834,0.7872340425531915,1.3900709219858156,0.4,0.907873821089808,0.7872340425531915,1.3900709219858156,0.2,0.907873821089808,0.0228173017501831,5.0,markdown-reference-1000-100,e5-large-ml,dense-k5-thresh,50,
0.4884992076481438,0.425531914893617,0.2836879432624113,0.425531914893617,0.425531914893617,0.425531914893617,0.7978723404255319,0.3971631205673758,0.6420355455839312,0.5531914893617021,1.3439716312056738,0.3914893617021276,0.8853393025962367,0.7659574468085106,2.5602836879432624,0.3723404255319149,1.3173188787528471,0.0510007619857788,12.66,markdown-reference-1000-100,e5-large-ml,dense-k5-neigh,50,
0.5627659574468086,0.4680851063829787,0.3368794326241134,0.4680851063829787,0.4680851063829787,0.6170212765957447,0.7695035460992908,0.3687943262411347,0.6321934863041584,0.7446808510638298,1.3085106382978724,0.3702127659574468,0.8725670722164958,0.7446808510638298,1.3085106382978724,0.1851063829787234,0.8725670722164958,0.0344655561447143,5.0,markdown-reference-1000-100,e5-large-ml,hybrid-k5,50,
0.5731087470449172,0.425531914893617,0.2730496453900708,0.425531914893617,0.425531914893617,0.6595744680851063,0.9042553191489362,0.4326241134751772,0.6960526612306009,0.7659574468085106,1.425531914893617,0.4170212765957447,0.9334476384374,0.8297872340425532,2.49290780141844,0.3680851063829787,1.3142622866699964,0.4057252502441406,20.0,markdown-reference-1000-100,e5-large-ml,dense-k20-rerank5,50,
0.4741134751773049,0.3829787234042553,0.2624113475177305,0.3829787234042553,0.3829787234042553,0.5531914893617021,0.723404255319149,0.3404255319148935,0.5644722902521019,0.6382978723404256,1.1347517730496453,0.3234042553191489,0.7505895403560224,0.6382978723404256,1.1347517730496453,0.1617021276595744,0.7505895403560224,0.0219601869583129,5.0,markdown-reference-1000-100,bge-m3,dense-k5,50,
0.4869638635596081,0.3829787234042553,0.2624113475177305,0.3829787234042553,0.3829787234042553,0.5531914893617021,0.723404255319149,0.3404255319148935,0.5644722902521019,0.6382978723404256,1.1347517730496453,0.3234042553191489,0.7505895403560224,0.7446808510638298,1.702127659574468,0.2531914893617021,0.9560955013210471,0.0229770135879516,10.0,markdown-reference-1000-100,bge-m3,dense-k10,50,
0.4741134751773049,0.3829787234042553,0.2624113475177305,0.3829787234042553,0.3829787234042553,0.5531914893617021,0.723404255319149,0.3404255319148935,0.5644722902521019,0.6382978723404256,1.1347517730496453,0.3234042553191489,0.7505895403560224,0.6382978723404256,1.1347517730496453,0.1617021276595744,0.7505895403560224,0.0219849586486816,5.0,markdown-reference-1000-100,bge-m3,dense-k5-thresh,50,
0.4259287402904425,0.3829787234042553,0.2624113475177305,0.3829787234042553,0.3829787234042553,0.3829787234042553,0.7340425531914894,0.3617021276595745,0.5888440562222291,0.4680851063829787,1.0673758865248228,0.3063829787234042,0.7358022661162401,0.6382978723404256,2.219858156028369,0.3170212765957447,1.136827870207628,0.0511276865005493,13.24,markdown-reference-1000-100,bge-m3,dense-k5-neigh,50,
0.5421985815602837,0.4042553191489361,0.3049645390070922,0.4042553191489361,0.4042553191489361,0.6170212765957447,0.7695035460992907,0.3546099290780141,0.6251550185356863,0.7659574468085106,1.1879432624113475,0.3361702127659574,0.8164892831270892,0.7659574468085106,1.1879432624113475,0.1680851063829787,0.8164892831270892,0.0365406274795532,5.0,markdown-reference-1000-100,bge-m3,hybrid-k5,50,
0.5666075650118203,0.4468085106382978,0.2943262411347517,0.4468085106382978,0.4468085106382978,0.6595744680851063,0.8297872340425532,0.4042553191489361,0.6609736758183147,0.723404255319149,1.2127659574468086,0.3531914893617021,0.8323343089765257,0.7659574468085106,2.0354609929078014,0.3021276595744681,1.1319408472074894,0.398621711730957,20.0,markdown-reference-1000-100,bge-m3,dense-k20-rerank5,50,
0.5333333333333333,0.425531914893617,0.3156028368794326,0.425531914893617,0.425531914893617,0.6170212765957447,0.6737588652482269,0.3404255319148936,0.5733391687931857,0.7021276595744681,1.0425531914893618,0.3191489361702128,0.7435640765983946,0.7021276595744681,1.0425531914893618,0.1595744680851064,0.7435640765983946,0.0086518287658691,5.0,markdown-reference-1000-100,granite-311m-ml,dense-k5,50,
0.5466312056737589,0.425531914893617,0.3156028368794326,0.425531914893617,0.425531914893617,0.6170212765957447,0.6737588652482269,0.3404255319148936,0.5733391687931857,0.7021276595744681,1.0425531914893618,0.3191489361702128,0.7435640765983946,0.7872340425531915,1.8652482269503547,0.2851063829787233,1.0434681798988008,0.0086991310119628,10.0,markdown-reference-1000-100,granite-311m-ml,dense-k10,50,
0.5333333333333333,0.425531914893617,0.3156028368794326,0.425531914893617,0.425531914893617,0.6170212765957447,0.6737588652482269,0.3404255319148936,0.5733391687931857,0.7021276595744681,1.0425531914893618,0.3191489361702128,0.7435640765983946,0.7021276595744681,1.0425531914893618,0.1595744680851064,0.7435640765983946,0.0096732568740844,5.0,markdown-reference-1000-100,granite-311m-ml,dense-k5-thresh,50,
0.4805880289922842,0.425531914893617,0.3156028368794326,0.425531914893617,0.425531914893617,0.4680851063829787,0.925531914893617,0.425531914893617,0.7166299382111616,0.574468085106383,1.269503546099291,0.3787234042553191,0.8825171761045045,0.6595744680851063,2.028368794326241,0.3127659574468085,1.1572363919605535,0.0406506156921386,13.1,markdown-reference-1000-100,granite-311m-ml,dense-k5-neigh,50,
0.5989361702127659,0.5319148936170213,0.400709219858156,0.5319148936170213,0.5319148936170213,0.6382978723404256,0.7907801418439716,0.3687943262411347,0.6706312223974079,0.7021276595744681,1.25531914893617,0.3574468085106382,0.8796092455276914,0.7021276595744681,1.25531914893617,0.1787234042553191,0.8796092455276914,0.0249660968780517,5.0,markdown-reference-1000-100,granite-311m-ml,hybrid-k5,50,
0.6407801418439717,0.5319148936170213,0.3794326241134751,0.5319148936170213,0.5319148936170213,0.723404255319149,0.9290780141843972,0.4397163120567376,0.7586272246305987,0.7872340425531915,1.517730496453901,0.4297872340425532,1.0221202525886666,0.851063829787234,2.2092198581560285,0.3297872340425532,1.2791702621472354,0.3879093503952026,20.0,markdown-reference-1000-100,granite-311m-ml,dense-k20-rerank5,50,
,,,,,,,,,,,,,,,,,,,markdown-reference-1000-100,jina-v3,dense-k5,50,retriever_init_failed: 'XLMRobertaLoRA' object has no attribute 'all_tied_weights_keys'
,,,,,,,,,,,,,,,,,,,markdown-reference-1000-100,jina-v3,dense-k10,50,retriever_init_failed_cached: 'XLMRobertaLoRA' object has no attribute 'all_tied_weights_keys'
,,,,,,,,,,,,,,,,,,,markdown-reference-1000-100,jina-v3,dense-k5-thresh,50,retriever_init_failed_cached: 'XLMRobertaLoRA' object has no attribute 'all_tied_weights_keys'
,,,,,,,,,,,,,,,,,,,markdown-reference-1000-100,jina-v3,dense-k5-neigh,50,retriever_init_failed_cached: 'XLMRobertaLoRA' object has no attribute 'all_tied_weights_keys'
,,,,,,,,,,,,,,,,,,,markdown-reference-1000-100,jina-v3,hybrid-k5,50,retriever_init_failed_cached: 'XLMRobertaLoRA' object has no attribute 'all_tied_weights_keys'
,,,,,,,,,,,,,,,,,,,markdown-reference-1000-100,jina-v3,dense-k20-rerank5,50,retriever_init_failed_cached: 'XLMRobertaLoRA' object has no attribute 'all_tied_weights_keys'
,,,,,,,,,,,,,,,,,,,markdown-reference-1000-100,jina-v2-base-en,dense-k5,50,retriever_init_failed: No module named 'transformers.onnx'
,,,,,,,,,,,,,,,,,,,markdown-reference-1000-100,jina-v2-base-en,dense-k10,50,retriever_init_failed_cached: No module named 'transformers.onnx'
,,,,,,,,,,,,,,,,,,,markdown-reference-1000-100,jina-v2-base-en,dense-k5-thresh,50,retriever_init_failed_cached: No module named 'transformers.onnx'
,,,,,,,,,,,,,,,,,,,markdown-reference-1000-100,jina-v2-base-en,dense-k5-neigh,50,retriever_init_failed_cached: No module named 'transformers.onnx'
,,,,,,,,,,,,,,,,,,,markdown-reference-1000-100,jina-v2-base-en,hybrid-k5,50,retriever_init_failed_cached: No module named 'transformers.onnx'
,,,,,,,,,,,,,,,,,,,markdown-reference-1000-100,jina-v2-base-en,dense-k20-rerank5,50,retriever_init_failed_cached: No module named 'transformers.onnx'
0.6602836879432624,0.5531914893617021,0.400709219858156,0.5531914893617021,0.5531914893617021,0.7659574468085106,0.9787234042553192,0.4609929078014184,0.8006586500681906,0.8297872340425532,1.6737588652482271,0.4765957446808511,1.1116767709976605,0.8297872340425532,1.6737588652482271,0.2382978723404255,1.1116767709976605,0.0248361539840698,5.0,markdown-reference-1000-100,nomic-v2,dense-k5,50,
0.6664893617021277,0.5531914893617021,0.400709219858156,0.5531914893617021,0.5531914893617021,0.7659574468085106,0.9787234042553192,0.4609929078014184,0.8006586500681906,0.8297872340425532,1.6737588652482271,0.4765957446808511,1.1116767709976605,0.8723404255319149,2.5354609929078014,0.374468085106383,1.4242579285795445,0.0236509084701538,10.0,markdown-reference-1000-100,nomic-v2,dense-k10,50,
0.6602836879432624,0.5531914893617021,0.400709219858156,0.5531914893617021,0.5531914893617021,0.7659574468085106,0.9787234042553192,0.4609929078014184,0.8006586500681906,0.8297872340425532,1.6737588652482271,0.4765957446808511,1.1116767709976605,0.8297872340425532,1.6737588652482271,0.2382978723404255,1.1116767709976605,0.0252682781219482,5.0,markdown-reference-1000-100,nomic-v2,dense-k5-thresh,50,
0.6061043566362715,0.5531914893617021,0.400709219858156,0.5531914893617021,0.5531914893617021,0.574468085106383,1.127659574468085,0.524822695035461,0.8882987276478774,0.6808510638297872,1.716312056737589,0.4936170212765957,1.1578015852324908,0.8085106382978723,3.017730496453901,0.4361702127659574,1.6155223761636892,0.0554739809036254,12.52,markdown-reference-1000-100,nomic-v2,dense-k5-neigh,50,
0.5539007092198581,0.425531914893617,0.3049645390070922,0.425531914893617,0.425531914893617,0.6595744680851063,0.897163120567376,0.4184397163120567,0.7007696963335824,0.7659574468085106,1.3617021276595744,0.3872340425531915,0.9119732693088288,0.7659574468085106,1.3617021276595744,0.1936170212765957,0.9119732693088288,0.0423408508300781,5.0,markdown-reference-1000-100,nomic-v2,hybrid-k5,50,
0.5735042735042735,0.425531914893617,0.2730496453900708,0.425531914893617,0.425531914893617,0.6808510638297872,0.897163120567376,0.425531914893617,0.6837807871666413,0.7446808510638298,1.4078014184397163,0.4,0.9093955245721276,0.8723404255319149,2.599290780141844,0.3829787234042554,1.338585279958092,0.4223710870742798,20.0,markdown-reference-1000-100,nomic-v2,dense-k20-rerank5,50,
0.5992907801418439,0.4468085106382978,0.3156028368794326,0.4468085106382978,0.4468085106382978,0.7446808510638298,0.925531914893617,0.4539007092198581,0.7299276680003451,0.8297872340425532,1.450354609929078,0.4212765957446808,0.9659329344510402,0.8297872340425532,1.450354609929078,0.2106382978723404,0.9659329344510402,0.087894549369812,5.0,markdown-reference-1000-100,qwen3-embed-8b,dense-k5,50,
0.6059101654846335,0.4468085106382978,0.3156028368794326,0.4468085106382978,0.4468085106382978,0.7446808510638298,0.925531914893617,0.4539007092198581,0.7299276680003451,0.8297872340425532,1.450354609929078,0.4212765957446808,0.9659329344510402,0.8936170212765957,2.49290780141844,0.3659574468085107,1.330926339577139,0.0868906736373901,10.0,markdown-reference-1000-100,qwen3-embed-8b,dense-k10,50,
0.5992907801418439,0.4468085106382978,0.3156028368794326,0.4468085106382978,0.4468085106382978,0.7446808510638298,0.925531914893617,0.4539007092198581,0.7299276680003451,0.8297872340425532,1.450354609929078,0.4212765957446808,0.9659329344510402,0.8297872340425532,1.450354609929078,0.2106382978723404,0.9659329344510402,0.0863164854049682,5.0,markdown-reference-1000-100,qwen3-embed-8b,dense-k5-thresh,50,
0.5213525835866261,0.4468085106382978,0.3156028368794326,0.4468085106382978,0.4468085106382978,0.4468085106382978,0.925531914893617,0.4397163120567375,0.7244824966458113,0.6808510638297872,1.4929078014184398,0.4382978723404255,0.9838896029769728,0.8297872340425532,2.7092198581560285,0.4085106382978724,1.4220226839420296,0.1257025098800659,12.8,markdown-reference-1000-100,qwen3-embed-8b,dense-k5-neigh,50,
0.6407801418439717,0.5319148936170213,0.3900709219858155,0.5319148936170213,0.5319148936170213,0.7659574468085106,1.0035460992907803,0.4680851063829787,0.7956089372445792,0.8085106382978723,1.425531914893617,0.4042553191489361,0.988848789119026,0.8085106382978723,1.425531914893617,0.202127659574468,0.988848789119026,0.1027060556411743,5.0,markdown-reference-1000-100,qwen3-embed-8b,hybrid-k5,50,
0.5941790665474876,0.4468085106382978,0.3049645390070922,0.4468085106382978,0.4468085106382978,0.7021276595744681,0.9397163120567376,0.4397163120567375,0.7229976556791103,0.7872340425531915,1.4148936170212767,0.4,0.9362419579066684,0.8297872340425532,2.379432624113476,0.351063829787234,1.2845852369799935,0.4812758541107177,20.0,markdown-reference-1000-100,qwen3-embed-8b,dense-k20-rerank5,50,
,,,,,,,,,,,,,,,,,,,markdown-reference-1000-100,gte-qwen2-7b,dense-k5,50,retriever_init_failed: 'Qwen2Config' object has no attribute 'rope_theta'
,,,,,,,,,,,,,,,,,,,markdown-reference-1000-100,gte-qwen2-7b,dense-k10,50,retriever_init_failed_cached: 'Qwen2Config' object has no attribute 'rope_theta'
,,,,,,,,,,,,,,,,,,,markdown-reference-1000-100,gte-qwen2-7b,dense-k5-thresh,50,retriever_init_failed_cached: 'Qwen2Config' object has no attribute 'rope_theta'
,,,,,,,,,,,,,,,,,,,markdown-reference-1000-100,gte-qwen2-7b,dense-k5-neigh,50,retriever_init_failed_cached: 'Qwen2Config' object has no attribute 'rope_theta'
,,,,,,,,,,,,,,,,,,,markdown-reference-1000-100,gte-qwen2-7b,hybrid-k5,50,retriever_init_failed_cached: 'Qwen2Config' object has no attribute 'rope_theta'
,,,,,,,,,,,,,,,,,,,markdown-reference-1000-100,gte-qwen2-7b,dense-k20-rerank5,50,retriever_init_failed_cached: 'Qwen2Config' object has no attribute 'rope_theta'
,,,,,,,,,,,,,,,,,,,markdown-reference-1000-100,nv-embed-v2,dense-k5,50,retriever_init_failed: 'NVEmbedModel' object has no attribute 'all_tied_weights_keys'
,,,,,,,,,,,,,,,,,,,markdown-reference-1000-100,nv-embed-v2,dense-k10,50,retriever_init_failed_cached: 'NVEmbedModel' object has no attribute 'all_tied_weights_keys'
,,,,,,,,,,,,,,,,,,,markdown-reference-1000-100,nv-embed-v2,dense-k5-thresh,50,retriever_init_failed_cached: 'NVEmbedModel' object has no attribute 'all_tied_weights_keys'
,,,,,,,,,,,,,,,,,,,markdown-reference-1000-100,nv-embed-v2,dense-k5-neigh,50,retriever_init_failed_cached: 'NVEmbedModel' object has no attribute 'all_tied_weights_keys'
,,,,,,,,,,,,,,,,,,,markdown-reference-1000-100,nv-embed-v2,hybrid-k5,50,retriever_init_failed_cached: 'NVEmbedModel' object has no attribute 'all_tied_weights_keys'
,,,,,,,,,,,,,,,,,,,markdown-reference-1000-100,nv-embed-v2,dense-k20-rerank5,50,retriever_init_failed_cached: 'NVEmbedModel' object has no attribute 'all_tied_weights_keys'
0.4946808510638298,0.3617021276595745,0.2411347517730496,0.3617021276595745,0.3617021276595745,0.6595744680851063,0.7872340425531915,0.3900709219858155,0.6118287202829059,0.6808510638297872,1.2056737588652484,0.3617021276595745,0.8038821720806381,0.6808510638297872,1.2056737588652484,0.1808510638297872,0.8038821720806381,0.0228929710388183,5.0,markdown-reference-1000-100,camembert-large,dense-k5,50,
0.5065856129685917,0.3617021276595745,0.2411347517730496,0.3617021276595745,0.3617021276595745,0.6595744680851063,0.7872340425531915,0.3900709219858155,0.6118287202829059,0.6808510638297872,1.2056737588652484,0.3617021276595745,0.8038821720806381,0.7659574468085106,1.982269503546099,0.3063829787234042,1.086863737302327,0.0224052095413208,10.0,markdown-reference-1000-100,camembert-large,dense-k10,50,
0.4946808510638298,0.3617021276595745,0.2411347517730496,0.3617021276595745,0.3617021276595745,0.6595744680851063,0.7872340425531915,0.3900709219858155,0.6118287202829059,0.6808510638297872,1.2056737588652484,0.3617021276595745,0.8038821720806381,0.6808510638297872,1.2056737588652484,0.1808510638297872,0.8038821720806381,0.021588397026062,5.0,markdown-reference-1000-100,camembert-large,dense-k5-thresh,50,
0.4256585612968591,0.3617021276595745,0.2411347517730496,0.3617021276595745,0.3617021276595745,0.3617021276595745,0.7021276595744681,0.3546099290780141,0.5606662656437456,0.5319148936170213,1.216312056737589,0.3659574468085107,0.7946285712809873,0.6808510638297872,2.464539007092198,0.3680851063829786,1.2375879581056697,0.0573023700714111,13.24,markdown-reference-1000-100,camembert-large,dense-k5-neigh,50,
0.5198581560283688,0.4042553191489361,0.2730496453900708,0.4042553191489361,0.4042553191489361,0.6382978723404256,0.7588652482269503,0.3758865248226951,0.6030643321248277,0.7021276595744681,1.2411347517730495,0.3659574468085107,0.8188780960686188,0.7021276595744681,1.2411347517730495,0.1829787234042553,0.8188780960686188,0.0366447973251342,5.0,markdown-reference-1000-100,camembert-large,hybrid-k5,50,
0.5486037789509234,0.4042553191489361,0.2624113475177305,0.4042553191489361,0.4042553191489361,0.6595744680851063,0.8723404255319149,0.4184397163120568,0.6723686784058039,0.723404255319149,1.2765957446808511,0.3702127659574468,0.8558986731806965,0.7446808510638298,2.1560283687943262,0.325531914893617,1.1762684488376274,0.3934966993331909,20.0,markdown-reference-1000-100,camembert-large,dense-k20-rerank5,50,
0.5847517730496454,0.4042553191489361,0.2836879432624113,0.4042553191489361,0.4042553191489361,0.7659574468085106,0.9929078014184398,0.4609929078014184,0.7484470927709322,0.8297872340425532,1.5106382978723405,0.425531914893617,0.9802268269461688,0.8297872340425532,1.5106382978723405,0.2127659574468085,0.9802268269461688,0.0219212913513183,5.0,markdown-reference-1000-100,solon-large,dense-k5,50,
0.5847517730496454,0.4042553191489361,0.2836879432624113,0.4042553191489361,0.4042553191489361,0.7659574468085106,0.9929078014184398,0.4609929078014184,0.7484470927709322,0.8297872340425532,1.5106382978723405,0.425531914893617,0.9802268269461688,0.8297872340425532,2.595744680851064,0.3723404255319149,1.365104099547632,0.0222706651687622,10.0,markdown-reference-1000-100,solon-large,dense-k10,50,
0.5741134751773049,0.4042553191489361,0.2836879432624113,0.4042553191489361,0.4042553191489361,0.7446808510638298,0.9716312056737588,0.4539007092198581,0.7350230554609012,0.8085106382978723,1.4893617021276595,0.4212765957446808,0.9668027896361376,0.8085106382978723,1.4893617021276595,0.2106382978723404,0.9668027896361376,0.0221471452713012,4.6,markdown-reference-1000-100,solon-large,dense-k5-thresh,50,
0.4953135516965304,0.4042553191489361,0.2836879432624113,0.4042553191489361,0.4042553191489361,0.4468085106382978,0.8617021276595744,0.4042553191489361,0.6660978807663026,0.6808510638297872,1.5638297872340423,0.4382978723404255,0.9786882959263852,0.7872340425531915,2.8581560283687946,0.4106382978723404,1.4408163118443684,0.052867636680603,12.92,markdown-reference-1000-100,solon-large,dense-k5-neigh,50,
0.5592198581560284,0.425531914893617,0.3156028368794326,0.425531914893617,0.425531914893617,0.7021276595744681,0.9326241134751774,0.4255319148936169,0.7117345311670266,0.7872340425531915,1.446808510638298,0.4042553191489361,0.940614964286054,0.7872340425531915,1.446808510638298,0.202127659574468,0.940614964286054,0.0380832052230835,5.0,markdown-reference-1000-100,solon-large,hybrid-k5,50,
0.5567889348865569,0.4042553191489361,0.2730496453900708,0.4042553191489361,0.4042553191489361,0.6595744680851063,0.9007092198581559,0.425531914893617,0.6905842429431932,0.7659574468085106,1.5354609929078016,0.4297872340425532,0.9669843042540086,0.8085106382978723,2.631205673758865,0.3723404255319149,1.3593780751679707,0.4000539064407348,20.0,markdown-reference-1000-100,solon-large,dense-k20-rerank5,50,
,,,,,,,,,,,,,,,,,,,markdown-reference-1000-100,bilingual-fr-en,dense-k5,50,retriever_init_failed: No module named 'transformers.onnx'
,,,,,,,,,,,,,,,,,,,markdown-reference-1000-100,bilingual-fr-en,dense-k10,50,retriever_init_failed_cached: No module named 'transformers.onnx'
,,,,,,,,,,,,,,,,,,,markdown-reference-1000-100,bilingual-fr-en,dense-k5-thresh,50,retriever_init_failed_cached: No module named 'transformers.onnx'
,,,,,,,,,,,,,,,,,,,markdown-reference-1000-100,bilingual-fr-en,dense-k5-neigh,50,retriever_init_failed_cached: No module named 'transformers.onnx'
,,,,,,,,,,,,,,,,,,,markdown-reference-1000-100,bilingual-fr-en,hybrid-k5,50,retriever_init_failed_cached: No module named 'transformers.onnx'
,,,,,,,,,,,,,,,,,,,markdown-reference-1000-100,bilingual-fr-en,dense-k20-rerank5,50,retriever_init_failed_cached: No module named 'transformers.onnx'
0.5726950354609929,0.425531914893617,0.3156028368794326,0.425531914893617,0.425531914893617,0.723404255319149,0.9290780141843972,0.4397163120567376,0.7240064052309864,0.7872340425531915,1.5390070921985817,0.4340425531914894,0.9975951844425064,0.7872340425531915,1.5390070921985817,0.2170212765957447,0.9975951844425064,0.138284683227539,5.0,markdown-reference-1000-100,ada-002,dense-k5,50,
0.5819402228976697,0.425531914893617,0.3156028368794326,0.425531914893617,0.425531914893617,0.723404255319149,0.9290780141843972,0.4397163120567376,0.7240064052309864,0.7872340425531915,1.5390070921985817,0.4340425531914894,0.9975951844425064,0.851063829787234,2.574468085106383,0.3702127659574468,1.3660339501109329,0.0785346126556396,10.0,markdown-reference-1000-100,ada-002,dense-k10,50,
0.5726950354609929,0.425531914893617,0.3156028368794326,0.425531914893617,0.425531914893617,0.723404255319149,0.9290780141843972,0.4397163120567376,0.7240064052309864,0.7872340425531915,1.5390070921985817,0.4340425531914894,0.9975951844425064,0.7872340425531915,1.5390070921985817,0.2170212765957447,0.9975951844425064,0.1934203767776489,5.0,markdown-reference-1000-100,ada-002,dense-k5-thresh,50,
0.49693515704154,0.425531914893617,0.3156028368794326,0.425531914893617,0.425531914893617,0.425531914893617,0.925531914893617,0.4184397163120567,0.7142225511310455,0.6170212765957447,1.4574468085106382,0.4085106382978723,0.9557340995145274,0.7872340425531915,2.879432624113476,0.4127659574468085,1.454881521611745,0.1050149869918823,12.56,markdown-reference-1000-100,ada-002,dense-k5-neigh,50,
0.5595744680851065,0.4468085106382978,0.3404255319148936,0.4468085106382978,0.4468085106382978,0.6382978723404256,0.9397163120567376,0.4255319148936169,0.7305813121275205,0.7659574468085106,1.4893617021276595,0.4127659574468086,0.978435977632978,0.7659574468085106,1.4893617021276595,0.2063829787234043,0.978435977632978,0.1174851846694946,5.0,markdown-reference-1000-100,ada-002,hybrid-k5,50,
0.5803444782168187,0.4042553191489361,0.2730496453900708,0.4042553191489361,0.4042553191489361,0.7021276595744681,0.9078014184397164,0.4326241134751772,0.6938685014997796,0.8297872340425532,1.631205673758865,0.4468085106382978,1.0068151573643136,0.8936170212765957,2.716312056737588,0.3872340425531915,1.3960310671257707,0.490591607093811,20.0,markdown-reference-1000-100,ada-002,dense-k20-rerank5,50,
0.5726950354609929,0.425531914893617,0.3156028368794326,0.425531914893617,0.425531914893617,0.723404255319149,0.9290780141843972,0.4397163120567376,0.7240064052309864,0.7872340425531915,1.5390070921985817,0.4340425531914894,0.9975951844425064,0.7872340425531915,1.5390070921985817,0.2170212765957447,0.9975951844425064,3.277548522949219,5.0,markdown-reference-1000-100,embed-3-large,dense-k5,50,
0.5819402228976697,0.425531914893617,0.3156028368794326,0.425531914893617,0.425531914893617,0.723404255319149,0.9290780141843972,0.4397163120567376,0.7240064052309864,0.7872340425531915,1.5390070921985817,0.4340425531914894,0.9975951844425064,0.851063829787234,2.574468085106383,0.3702127659574468,1.3660339501109329,3.137509512901306,10.0,markdown-reference-1000-100,embed-3-large,dense-k10,50,
0.5726950354609929,0.425531914893617,0.3156028368794326,0.425531914893617,0.425531914893617,0.723404255319149,0.9290780141843972,0.4397163120567376,0.7240064052309864,0.7872340425531915,1.5390070921985817,0.4340425531914894,0.9975951844425064,0.7872340425531915,1.5390070921985817,0.2170212765957447,0.9975951844425064,3.1254439687728883,5.0,markdown-reference-1000-100,embed-3-large,dense-k5-thresh,50,
0.49693515704154,0.425531914893617,0.3156028368794326,0.425531914893617,0.425531914893617,0.425531914893617,0.925531914893617,0.4184397163120567,0.7142225511310455,0.6170212765957447,1.4574468085106382,0.4085106382978723,0.9557340995145274,0.7872340425531915,2.879432624113476,0.4127659574468085,1.454881521611745,3.190480799674988,12.56,markdown-reference-1000-100,embed-3-large,dense-k5-neigh,50,
0.5595744680851065,0.4468085106382978,0.3404255319148936,0.4468085106382978,0.4468085106382978,0.6382978723404256,0.9397163120567376,0.4255319148936169,0.7305813121275205,0.7659574468085106,1.4893617021276595,0.4127659574468086,0.978435977632978,0.7659574468085106,1.4893617021276595,0.2063829787234043,0.978435977632978,3.235703496932983,5.0,markdown-reference-1000-100,embed-3-large,hybrid-k5,50,
0.5803444782168187,0.4042553191489361,0.2730496453900708,0.4042553191489361,0.4042553191489361,0.7021276595744681,0.9078014184397164,0.4326241134751772,0.6938685014997796,0.8297872340425532,1.631205673758865,0.4468085106382978,1.0068151573643136,0.8936170212765957,2.716312056737588,0.3872340425531915,1.3960310671257707,3.518889465332032,20.0,markdown-reference-1000-100,embed-3-large,dense-k20-rerank5,50,
0.3914893617021276,0.2553191489361702,0.1914893617021276,0.2553191489361702,0.2553191489361702,0.5319148936170213,0.5106382978723404,0.2411347517730496,0.4054592977914782,0.6170212765957447,0.6808510638297872,0.1999999999999999,0.4844106030947104,0.6170212765957447,0.6808510638297872,0.0999999999999999,0.4844106030947104,0.0057706785202026,5.0,regex-paragraph,minilm-l6,dense-k5,50,
0.4121073961499493,0.2553191489361702,0.1914893617021276,0.2553191489361702,0.2553191489361702,0.5319148936170213,0.5106382978723404,0.2411347517730496,0.4054592977914782,0.6170212765957447,0.6808510638297872,0.1999999999999999,0.4844106030947104,0.7659574468085106,1.2340425531914894,0.1787234042553191,0.6808720098196641,0.0048423957824707,10.0,regex-paragraph,minilm-l6,dense-k10,50,
0.3914893617021276,0.2553191489361702,0.1914893617021276,0.2553191489361702,0.2553191489361702,0.5319148936170213,0.5106382978723404,0.2411347517730496,0.4054592977914782,0.6170212765957447,0.6808510638297872,0.1999999999999999,0.4844106030947104,0.6170212765957447,0.6808510638297872,0.0999999999999999,0.4844106030947104,0.0037274074554443,5.0,regex-paragraph,minilm-l6,dense-k5-thresh,50,
0.323495830410724,0.2553191489361702,0.1914893617021276,0.2553191489361702,0.2553191489361702,0.2553191489361702,0.4148936170212766,0.1985815602836879,0.3550535478674667,0.4680851063829787,0.7446808510638298,0.2170212765957447,0.5037621779013167,0.5957446808510638,1.24468085106383,0.1872340425531914,0.6903968615469847,0.0239022970199584,12.3,regex-paragraph,minilm-l6,dense-k5-neigh,50,
0.5127659574468085,0.3829787234042553,0.2872340425531915,0.3829787234042553,0.3829787234042553,0.5957446808510638,0.6702127659574468,0.3120567375886525,0.5521833100147941,0.7446808510638298,1.028368794326241,0.3021276595744681,0.7194350683370777,0.7446808510638298,1.028368794326241,0.151063829787234,0.7194350683370777,0.0093585777282714,5.0,regex-paragraph,minilm-l6,hybrid-k5,50,
0.6945288753799391,0.574468085106383,0.4361702127659574,0.574468085106383,0.574468085106383,0.7659574468085106,0.9432624113475178,0.425531914893617,0.7958158776493295,0.8297872340425532,1.25177304964539,0.3404255319148936,0.9335007993213964,0.8723404255319149,1.549645390070922,0.2234042553191489,1.0461304108338405,1.5691568803787233,20.0,regex-paragraph,minilm-l6,dense-k20-rerank5,50,
0.4687943262411347,0.3829787234042553,0.2872340425531915,0.3829787234042553,0.3829787234042553,0.5106382978723404,0.5531914893617021,0.2553191489361702,0.4848684645789409,0.6170212765957447,0.8191489361702128,0.2340425531914893,0.606089333105418,0.6170212765957447,0.8191489361702128,0.1170212765957446,0.606089333105418,0.0114050674438476,5.0,regex-paragraph,mpnet-base,dense-k5,50,
0.4843296183721715,0.3829787234042553,0.2872340425531915,0.3829787234042553,0.3829787234042553,0.5106382978723404,0.5531914893617021,0.2553191489361702,0.4848684645789409,0.6170212765957447,0.8191489361702128,0.2340425531914893,0.606089333105418,0.723404255319149,1.226950354609929,0.176595744680851,0.7491694413752796,0.0113169622421264,10.0,regex-paragraph,mpnet-base,dense-k10,50,
0.4687943262411347,0.3829787234042553,0.2872340425531915,0.3829787234042553,0.3829787234042553,0.5106382978723404,0.5531914893617021,0.2553191489361702,0.4848684645789409,0.6170212765957447,0.8191489361702128,0.2340425531914893,0.606089333105418,0.6170212765957447,0.8191489361702128,0.1170212765957446,0.606089333105418,0.0109465360641479,5.0,regex-paragraph,mpnet-base,dense-k5-thresh,50,
0.4316012002182215,0.3829787234042553,0.2872340425531915,0.3829787234042553,0.3829787234042553,0.425531914893617,0.7340425531914894,0.326241134751773,0.587892692621382,0.5106382978723404,0.9680851063829788,0.2680851063829787,0.6967683107400935,0.5957446808510638,1.3617021276595744,0.1957446808510638,0.8356300408315042,0.0304799795150756,12.32,regex-paragraph,mpnet-base,dense-k5-neigh,50,
0.5975177304964538,0.5106382978723404,0.3936170212765957,0.5106382978723404,0.5106382978723404,0.7021276595744681,0.8191489361702128,0.3758865248226949,0.6866177717958346,0.723404255319149,1.0602836879432622,0.3063829787234042,0.7979264742006992,0.723404255319149,1.0602836879432622,0.1531914893617021,0.7979264742006992,0.0165536212921142,5.0,regex-paragraph,mpnet-base,hybrid-k5,50,
0.6511904761904762,0.5531914893617021,0.400709219858156,0.5531914893617021,0.5531914893617021,0.7446808510638298,0.8758865248226951,0.4113475177304964,0.7422452167012495,0.7446808510638298,1.074468085106383,0.3106382978723404,0.8350207187195776,0.8085106382978723,1.4113475177304966,0.2063829787234042,0.956409777749899,1.6570748233795165,20.0,regex-paragraph,mpnet-base,dense-k20-rerank5,50,
0.4677304964539007,0.3404255319148936,0.2304964539007092,0.3404255319148936,0.3404255319148936,0.6170212765957447,0.7695035460992908,0.3546099290780141,0.582522013391225,0.6808510638297872,1.0638297872340423,0.3021276595744681,0.7158363840405084,0.6808510638297872,1.0638297872340423,0.151063829787234,0.7158363840405084,0.0071313953399658,5.0,regex-paragraph,e5-small-ml,dense-k5,50,
0.4805217831813576,0.3404255319148936,0.2304964539007092,0.3404255319148936,0.3404255319148936,0.6170212765957447,0.7695035460992908,0.3546099290780141,0.582522013391225,0.6808510638297872,1.0638297872340423,0.3021276595744681,0.7158363840405084,0.7659574468085106,1.5957446808510638,0.2297872340425532,0.9055805319208592,0.0060496139526367,10.0,regex-paragraph,e5-small-ml,dense-k10,50,
0.4677304964539007,0.3404255319148936,0.2304964539007092,0.3404255319148936,0.3404255319148936,0.6170212765957447,0.7695035460992908,0.3546099290780141,0.582522013391225,0.6808510638297872,1.0638297872340423,0.3021276595744681,0.7158363840405084,0.6808510638297872,1.0638297872340423,0.151063829787234,0.7158363840405084,0.0049846982955932,5.0,regex-paragraph,e5-small-ml,dense-k5-thresh,50,
0.4064428479322096,0.3404255319148936,0.2304964539007092,0.3404255319148936,0.3404255319148936,0.3404255319148936,0.6063829787234043,0.3049645390070922,0.4940507389720123,0.5319148936170213,1.0638297872340423,0.3106382978723404,0.6970157048142792,0.6595744680851063,1.907801418439716,0.2723404255319149,0.9976670894293354,0.0211769151687622,11.92,regex-paragraph,e5-small-ml,dense-k5-neigh,50,
0.5585106382978723,0.4468085106382978,0.326241134751773,0.4468085106382978,0.4468085106382978,0.6808510638297872,0.8652482269503547,0.4042553191489361,0.6889049921146292,0.7021276595744681,1.1524822695035462,0.3319148936170212,0.8210020926434388,0.7021276595744681,1.1524822695035462,0.1659574468085106,0.8210020926434388,0.0099400186538696,5.0,regex-paragraph,e5-small-ml,hybrid-k5,50,
0.6506754474839581,0.5106382978723404,0.3794326241134751,0.5106382978723404,0.5106382978723404,0.7659574468085106,0.9893617021276596,0.4680851063829787,0.8086949019747165,0.8085106382978723,1.3617021276595744,0.3914893617021277,0.9798796463418435,0.851063829787234,1.819148936170213,0.2680851063829787,1.144578703854081,1.6741489124298097,20.0,regex-paragraph,e5-small-ml,dense-k20-rerank5,50,
0.6187943262411348,0.4893617021276595,0.326241134751773,0.4893617021276595,0.4893617021276595,0.7872340425531915,0.9574468085106383,0.4609929078014184,0.7529812536308407,0.8085106382978723,1.3900709219858156,0.4042553191489361,0.9514788668145864,0.8085106382978723,1.3900709219858156,0.202127659574468,0.9514788668145864,0.010064377784729,5.0,regex-paragraph,e5-base-ml,dense-k5,50,
0.6260891590678825,0.4893617021276595,0.326241134751773,0.4893617021276595,0.4893617021276595,0.7872340425531915,0.9574468085106383,0.4609929078014184,0.7529812536308407,0.8085106382978723,1.3900709219858156,0.4042553191489361,0.9514788668145864,0.8723404255319149,2.0106382978723403,0.2978723404255319,1.1760124113915051,0.0096464252471923,10.0,regex-paragraph,e5-base-ml,dense-k10,50,
0.6187943262411348,0.4893617021276595,0.326241134751773,0.4893617021276595,0.4893617021276595,0.7872340425531915,0.9574468085106383,0.4609929078014184,0.7529812536308407,0.8085106382978723,1.3900709219858156,0.4042553191489361,0.9514788668145864,0.8085106382978723,1.3900709219858156,0.202127659574468,0.9514788668145864,0.0085464096069335,5.0,regex-paragraph,e5-base-ml,dense-k5-thresh,50,
0.5619554204660587,0.4893617021276595,0.326241134751773,0.4893617021276595,0.4893617021276595,0.5106382978723404,0.8723404255319149,0.4397163120567375,0.7134658464158965,0.7021276595744681,1.4184397163120566,0.4212765957446808,0.959203923175167,0.8085106382978723,2.3475177304964543,0.3489361702127659,1.2986768354801803,0.0251366424560546,10.98,regex-paragraph,e5-base-ml,dense-k5-neigh,50,
0.6258865248226949,0.4893617021276595,0.3687943262411347,0.4893617021276595,0.4893617021276595,0.7659574468085106,0.9609929078014184,0.4539007092198581,0.772429614298204,0.8297872340425532,1.358156028368794,0.4042553191489362,0.960399376030171,0.8297872340425532,1.358156028368794,0.2021276595744681,0.960399376030171,0.0153222513198852,5.0,regex-paragraph,e5-base-ml,hybrid-k5,50,
0.6900709219858155,0.5531914893617021,0.400709219858156,0.5531914893617021,0.5531914893617021,0.8723404255319149,1.0957446808510638,0.524822695035461,0.8720889509001558,0.8723404255319149,1.5141843971631204,0.4510638297872341,1.0658530721162407,0.8936170212765957,2.099290780141844,0.3148936170212765,1.2783510299276335,1.603070192337036,20.0,regex-paragraph,e5-base-ml,dense-k20-rerank5,50,
0.6053191489361702,0.5106382978723404,0.3687943262411347,0.5106382978723404,0.5106382978723404,0.7021276595744681,0.8085106382978723,0.4042553191489361,0.6872481689901361,0.7446808510638298,1.127659574468085,0.3404255319148936,0.8350594914654315,0.7446808510638298,1.127659574468085,0.1702127659574468,0.8350594914654315,0.0241162109375,5.0,regex-paragraph,e5-large-ml,dense-k5,50,
0.6269334684228302,0.5106382978723404,0.3687943262411347,0.5106382978723404,0.5106382978723404,0.7021276595744681,0.8085106382978723,0.4042553191489361,0.6872481689901361,0.7446808510638298,1.127659574468085,0.3404255319148936,0.8350594914654315,0.8936170212765957,1.9113475177304968,0.2872340425531914,1.1164775422434952,0.0238535833358764,10.0,regex-paragraph,e5-large-ml,dense-k10,50,
0.6053191489361702,0.5106382978723404,0.3687943262411347,0.5106382978723404,0.5106382978723404,0.7021276595744681,0.8085106382978723,0.4042553191489361,0.6872481689901361,0.7446808510638298,1.127659574468085,0.3404255319148936,0.8350594914654315,0.7446808510638298,1.127659574468085,0.1702127659574468,0.8350594914654315,0.0233591318130493,5.0,regex-paragraph,e5-large-ml,dense-k5-thresh,50,
0.5603681188787573,0.5106382978723404,0.3687943262411347,0.5106382978723404,0.5106382978723404,0.5319148936170213,0.9042553191489362,0.4397163120567375,0.7485448318281829,0.6808510638297872,1.2943262411347518,0.3872340425531915,0.929074260788846,0.7446808510638298,1.9645390070921989,0.2978723404255319,1.1742727664959094,0.0398238658905029,11.2,regex-paragraph,e5-large-ml,dense-k5-neigh,50,
0.6425531914893617,0.5319148936170213,0.3794326241134751,0.5319148936170213,0.5319148936170213,0.7659574468085106,0.9290780141843972,0.4468085106382978,0.7642211312100504,0.7872340425531915,1.202127659574468,0.3659574468085106,0.8948195654409814,0.7872340425531915,1.202127659574468,0.1829787234042553,0.8948195654409814,0.0277467489242553,5.0,regex-paragraph,e5-large-ml,hybrid-k5,50,
0.6624957784532253,0.5319148936170213,0.3900709219858155,0.5319148936170213,0.5319148936170213,0.7872340425531915,1.0212765957446808,0.4893617021276595,0.8264290535665578,0.8297872340425532,1.4219858156028369,0.4170212765957447,1.0106374887259637,0.8723404255319149,2.0460992907801416,0.3063829787234042,1.2412873147410273,1.6449599266052246,20.0,regex-paragraph,e5-large-ml,dense-k20-rerank5,50,
0.5273049645390071,0.4680851063829787,0.3368794326241134,0.4680851063829787,0.4680851063829787,0.574468085106383,0.6808510638297872,0.3404255319148935,0.588339396343807,0.6170212765957447,0.8794326241134751,0.2723404255319149,0.683322654594303,0.6170212765957447,0.8794326241134751,0.1361702127659574,0.683322654594303,0.0254096841812133,5.0,regex-paragraph,bge-m3,dense-k5,50,
0.5545761567038162,0.4680851063829787,0.3368794326241134,0.4680851063829787,0.4680851063829787,0.574468085106383,0.6808510638297872,0.3404255319148935,0.588339396343807,0.6170212765957447,0.8794326241134751,0.2723404255319149,0.683322654594303,0.8085106382978723,1.4645390070921984,0.2170212765957446,0.8896720787237786,0.0234776163101196,10.0,regex-paragraph,bge-m3,dense-k10,50,
0.5273049645390071,0.4680851063829787,0.3368794326241134,0.4680851063829787,0.4680851063829787,0.574468085106383,0.6808510638297872,0.3404255319148935,0.588339396343807,0.6170212765957447,0.8794326241134751,0.2723404255319149,0.683322654594303,0.6170212765957447,0.8794326241134751,0.1361702127659574,0.683322654594303,0.0231885910034179,5.0,regex-paragraph,bge-m3,dense-k5-thresh,50,
0.4998480243161094,0.4680851063829787,0.3368794326241134,0.4680851063829787,0.4680851063829787,0.4893617021276595,0.8723404255319149,0.4113475177304964,0.7032059009011307,0.5531914893617021,1.1312056737588654,0.3361702127659575,0.8264322166377174,0.6170212765957447,1.5851063829787233,0.2425531914893616,0.9931822035194052,0.0396559143066406,11.42,regex-paragraph,bge-m3,dense-k5-neigh,50,
0.6134751773049645,0.5106382978723404,0.3829787234042553,0.5106382978723404,0.5106382978723404,0.723404255319149,0.897163120567376,0.4184397163120567,0.7353960862877529,0.7659574468085106,1.1879432624113475,0.3574468085106383,0.8758362919260346,0.7659574468085106,1.1879432624113475,0.1787234042553191,0.8758362919260346,0.0284361886978149,5.0,regex-paragraph,bge-m3,hybrid-k5,50,
0.6106221792392005,0.4680851063829787,0.3368794326241134,0.4680851063829787,0.4680851063829787,0.7659574468085106,0.9680851063829788,0.4680851063829787,0.764628301055057,0.7872340425531915,1.3014184397163122,0.3957446808510638,0.923966879585894,0.8085106382978723,1.705673758865248,0.2617021276595744,1.0729408551096198,1.8576851272583008,20.0,regex-paragraph,bge-m3,dense-k20-rerank5,50,
0.597163120567376,0.5106382978723404,0.3794326241134751,0.5106382978723404,0.5106382978723404,0.6595744680851063,0.7446808510638298,0.3546099290780141,0.6502664563761554,0.7446808510638298,1.0709219858156027,0.3191489361702128,0.8008715725213391,0.7446808510638298,1.0709219858156027,0.1595744680851064,0.8008715725213391,0.0086753702163696,5.0,regex-paragraph,granite-311m-ml,dense-k5,50,
0.614175954069571,0.5106382978723404,0.3794326241134751,0.5106382978723404,0.5106382978723404,0.6595744680851063,0.7446808510638298,0.3546099290780141,0.6502664563761554,0.7446808510638298,1.0602836879432622,0.3148936170212766,0.7958248126751839,0.8723404255319149,1.7056737588652484,0.2553191489361702,1.0275103509423205,0.0090094423294067,10.0,regex-paragraph,granite-311m-ml,dense-k10,50,
0.597163120567376,0.5106382978723404,0.3794326241134751,0.5106382978723404,0.5106382978723404,0.6595744680851063,0.7446808510638298,0.3546099290780141,0.6502664563761554,0.7446808510638298,1.0709219858156027,0.3191489361702128,0.8008715725213391,0.7446808510638298,1.0709219858156027,0.1595744680851064,0.8008715725213391,0.008551001548767,5.0,regex-paragraph,granite-311m-ml,dense-k5-thresh,50,
0.5653326578858494,0.5106382978723404,0.3794326241134751,0.5106382978723404,0.5106382978723404,0.5957446808510638,0.9361702127659576,0.4397163120567375,0.7632985850966354,0.6382978723404256,1.195035460992908,0.3531914893617021,0.8868856102169574,0.7446808510638298,1.7411347517730498,0.2638297872340425,1.0865086753486572,0.0282289314270019,10.76,regex-paragraph,granite-311m-ml,dense-k5-neigh,50,
0.676950354609929,0.574468085106383,0.4326241134751772,0.574468085106383,0.574468085106383,0.7446808510638298,0.9113475177304964,0.4184397163120567,0.7687894310881138,0.851063829787234,1.24468085106383,0.3659574468085107,0.927556298772072,0.851063829787234,1.24468085106383,0.1829787234042553,0.927556298772072,0.0131547164916992,5.0,regex-paragraph,granite-311m-ml,hybrid-k5,50,
0.6488855116514691,0.5106382978723404,0.3687943262411347,0.5106382978723404,0.5106382978723404,0.7659574468085106,1.0354609929078016,0.4893617021276595,0.8212071095613191,0.8085106382978723,1.4042553191489362,0.4127659574468085,0.995581469654129,0.851063829787234,1.897163120567376,0.2872340425531915,1.1792920460103276,1.8618501567840573,20.0,regex-paragraph,granite-311m-ml,dense-k20-rerank5,50,
,,,,,,,,,,,,,,,,,,,regex-paragraph,jina-v3,dense-k5,50,retriever_init_failed: 'XLMRobertaLoRA' object has no attribute 'all_tied_weights_keys'
,,,,,,,,,,,,,,,,,,,regex-paragraph,jina-v3,dense-k10,50,retriever_init_failed_cached: 'XLMRobertaLoRA' object has no attribute 'all_tied_weights_keys'
,,,,,,,,,,,,,,,,,,,regex-paragraph,jina-v3,dense-k5-thresh,50,retriever_init_failed_cached: 'XLMRobertaLoRA' object has no attribute 'all_tied_weights_keys'
,,,,,,,,,,,,,,,,,,,regex-paragraph,jina-v3,dense-k5-neigh,50,retriever_init_failed_cached: 'XLMRobertaLoRA' object has no attribute 'all_tied_weights_keys'
,,,,,,,,,,,,,,,,,,,regex-paragraph,jina-v3,hybrid-k5,50,retriever_init_failed_cached: 'XLMRobertaLoRA' object has no attribute 'all_tied_weights_keys'
,,,,,,,,,,,,,,,,,,,regex-paragraph,jina-v3,dense-k20-rerank5,50,retriever_init_failed_cached: 'XLMRobertaLoRA' object has no attribute 'all_tied_weights_keys'
,,,,,,,,,,,,,,,,,,,regex-paragraph,jina-v2-base-en,dense-k5,50,retriever_init_failed: No module named 'transformers.onnx'
,,,,,,,,,,,,,,,,,,,regex-paragraph,jina-v2-base-en,dense-k10,50,retriever_init_failed_cached: No module named 'transformers.onnx'
,,,,,,,,,,,,,,,,,,,regex-paragraph,jina-v2-base-en,dense-k5-thresh,50,retriever_init_failed_cached: No module named 'transformers.onnx'
,,,,,,,,,,,,,,,,,,,regex-paragraph,jina-v2-base-en,dense-k5-neigh,50,retriever_init_failed_cached: No module named 'transformers.onnx'
,,,,,,,,,,,,,,,,,,,regex-paragraph,jina-v2-base-en,hybrid-k5,50,retriever_init_failed_cached: No module named 'transformers.onnx'
,,,,,,,,,,,,,,,,,,,regex-paragraph,jina-v2-base-en,dense-k20-rerank5,50,retriever_init_failed_cached: No module named 'transformers.onnx'
0.6347517730496454,0.5106382978723404,0.3581560283687944,0.5106382978723404,0.5106382978723404,0.7446808510638298,0.822695035460993,0.4042553191489361,0.6868409991451295,0.8297872340425532,1.283687943262411,0.3829787234042554,0.8992947233517675,0.8297872340425532,1.283687943262411,0.1914893617021277,0.8992947233517675,0.0253838777542114,5.0,regex-paragraph,nomic-v2,dense-k5,50,
0.6395390070921985,0.5106382978723404,0.3581560283687944,0.5106382978723404,0.5106382978723404,0.7446808510638298,0.822695035460993,0.4042553191489361,0.6868409991451295,0.8297872340425532,1.283687943262411,0.3829787234042554,0.8992947233517675,0.8723404255319149,1.929078014184397,0.2936170212765958,1.135680909223973,0.0216350793838501,10.0,regex-paragraph,nomic-v2,dense-k10,50,
0.6347517730496454,0.5106382978723404,0.3581560283687944,0.5106382978723404,0.5106382978723404,0.7446808510638298,0.822695035460993,0.4042553191489361,0.6868409991451295,0.8297872340425532,1.283687943262411,0.3829787234042554,0.8992947233517675,0.8297872340425532,1.283687943262411,0.1914893617021277,0.8992947233517675,0.021258897781372,5.0,regex-paragraph,nomic-v2,dense-k5-thresh,50,
0.5825565687267815,0.5106382978723404,0.3581560283687944,0.5106382978723404,0.5106382978723404,0.574468085106383,0.9574468085106383,0.4539007092198581,0.7681133592568677,0.7021276595744681,1.351063829787234,0.3957446808510638,0.9493893917551636,0.8297872340425532,2.0851063829787235,0.3191489361702128,1.217579902695474,0.0422505331039428,11.14,regex-paragraph,nomic-v2,dense-k5-neigh,50,
0.6273049645390071,0.5106382978723404,0.3794326241134751,0.5106382978723404,0.5106382978723404,0.7446808510638298,0.9290780141843972,0.4326241134751772,0.7497194227783248,0.8085106382978723,1.3014184397163122,0.3872340425531915,0.9254076341333632,0.8085106382978723,1.3014184397163122,0.1936170212765957,0.9254076341333632,0.0301826763153076,5.0,regex-paragraph,nomic-v2,hybrid-k5,50,
0.6913529732678667,0.5531914893617021,0.4113475177304964,0.5531914893617021,0.5531914893617021,0.7872340425531915,0.9787234042553192,0.4680851063829787,0.814461039735796,0.851063829787234,1.421985815602837,0.4170212765957447,1.017565616226615,0.8936170212765957,2.017730496453901,0.3042553191489361,1.2378187578625897,1.8037722396850584,20.0,regex-paragraph,nomic-v2,dense-k20-rerank5,50,
0.6453900709219859,0.5531914893617021,0.400709219858156,0.5531914893617021,0.5531914893617021,0.7446808510638298,0.925531914893617,0.4397163120567376,0.7655796646559042,0.7872340425531915,1.2801418439716312,0.3872340425531915,0.9346510534953162,0.7872340425531915,1.2801418439716312,0.1936170212765957,0.9346510534953162,0.0910871267318725,5.0,regex-paragraph,qwen3-embed-8b,dense-k5,50,
0.6617274569402228,0.5531914893617021,0.400709219858156,0.5531914893617021,0.5531914893617021,0.7446808510638298,0.925531914893617,0.4397163120567376,0.7655796646559042,0.7872340425531915,1.2801418439716312,0.3872340425531915,0.9346510534953162,0.8936170212765957,2.0602836879432624,0.3085106382978723,1.2176148409392302,0.0889227104187011,10.0,regex-paragraph,qwen3-embed-8b,dense-k10,50,
0.6453900709219859,0.5531914893617021,0.400709219858156,0.5531914893617021,0.5531914893617021,0.7446808510638298,0.925531914893617,0.4397163120567376,0.7655796646559042,0.7872340425531915,1.2801418439716312,0.3872340425531915,0.9346510534953162,0.7872340425531915,1.2801418439716312,0.1936170212765957,0.9346510534953162,0.0883812570571899,5.0,regex-paragraph,qwen3-embed-8b,dense-k5-thresh,50,
0.604305977710233,0.5531914893617021,0.400709219858156,0.5531914893617021,0.5531914893617021,0.6170212765957447,1.0319148936170213,0.4964539007092198,0.8388443413247131,0.6808510638297872,1.3439716312056738,0.3957446808510638,0.9839421794367804,0.7872340425531915,2.070921985815603,0.3170212765957447,1.2540475201597068,0.1068497800827026,10.82,regex-paragraph,qwen3-embed-8b,dense-k5-neigh,50,
0.6897163120567376,0.6170212765957447,0.4751773049645391,0.6170212765957447,0.6170212765957447,0.7446808510638298,0.9184397163120568,0.4397163120567375,0.7973170055605753,0.8085106382978723,1.283687943262411,0.3872340425531915,0.9695725453460564,0.8085106382978723,1.283687943262411,0.1936170212765957,0.9695725453460564,0.0933205556869506,5.0,regex-paragraph,qwen3-embed-8b,hybrid-k5,50,
0.6776595744680851,0.5531914893617021,0.4113475177304964,0.5531914893617021,0.5531914893617021,0.7659574468085106,1.0,0.4822695035460992,0.8219352458128711,0.8723404255319149,1.4929078014184398,0.4468085106382978,1.0493773100762416,0.8936170212765957,2.127659574468085,0.3212765957446808,1.2782145420871909,1.8714012432098388,20.0,regex-paragraph,qwen3-embed-8b,dense-k20-rerank5,50,
,,,,,,,,,,,,,,,,,,,regex-paragraph,gte-qwen2-7b,dense-k5,50,retriever_init_failed: 'Qwen2Config' object has no attribute 'rope_theta'
,,,,,,,,,,,,,,,,,,,regex-paragraph,gte-qwen2-7b,dense-k10,50,retriever_init_failed_cached: 'Qwen2Config' object has no attribute 'rope_theta'
,,,,,,,,,,,,,,,,,,,regex-paragraph,gte-qwen2-7b,dense-k5-thresh,50,retriever_init_failed_cached: 'Qwen2Config' object has no attribute 'rope_theta'
,,,,,,,,,,,,,,,,,,,regex-paragraph,gte-qwen2-7b,dense-k5-neigh,50,retriever_init_failed_cached: 'Qwen2Config' object has no attribute 'rope_theta'
,,,,,,,,,,,,,,,,,,,regex-paragraph,gte-qwen2-7b,hybrid-k5,50,retriever_init_failed_cached: 'Qwen2Config' object has no attribute 'rope_theta'
,,,,,,,,,,,,,,,,,,,regex-paragraph,gte-qwen2-7b,dense-k20-rerank5,50,retriever_init_failed_cached: 'Qwen2Config' object has no attribute 'rope_theta'
,,,,,,,,,,,,,,,,,,,regex-paragraph,nv-embed-v2,dense-k5,50,retriever_init_failed: 'NVEmbedModel' object has no attribute 'all_tied_weights_keys'
,,,,,,,,,,,,,,,,,,,regex-paragraph,nv-embed-v2,dense-k10,50,retriever_init_failed_cached: 'NVEmbedModel' object has no attribute 'all_tied_weights_keys'
,,,,,,,,,,,,,,,,,,,regex-paragraph,nv-embed-v2,dense-k5-thresh,50,retriever_init_failed_cached: 'NVEmbedModel' object has no attribute 'all_tied_weights_keys'
,,,,,,,,,,,,,,,,,,,regex-paragraph,nv-embed-v2,dense-k5-neigh,50,retriever_init_failed_cached: 'NVEmbedModel' object has no attribute 'all_tied_weights_keys'
,,,,,,,,,,,,,,,,,,,regex-paragraph,nv-embed-v2,hybrid-k5,50,retriever_init_failed_cached: 'NVEmbedModel' object has no attribute 'all_tied_weights_keys'
,,,,,,,,,,,,,,,,,,,regex-paragraph,nv-embed-v2,dense-k20-rerank5,50,retriever_init_failed_cached: 'NVEmbedModel' object has no attribute 'all_tied_weights_keys'
0.5042553191489362,0.425531914893617,0.2943262411347517,0.425531914893617,0.425531914893617,0.5531914893617021,0.6170212765957447,0.3191489361702128,0.5334398386661091,0.6595744680851063,0.9645390070921984,0.2936170212765957,0.6914976164157779,0.6595744680851063,0.9645390070921984,0.1468085106382978,0.6914976164157779,0.0242485952377319,5.0,regex-paragraph,camembert-large,dense-k5,50,
0.5172239108409321,0.425531914893617,0.2943262411347517,0.425531914893617,0.425531914893617,0.5531914893617021,0.6170212765957447,0.3191489361702128,0.5334398386661091,0.6595744680851063,0.9645390070921984,0.2936170212765957,0.6914976164157779,0.7659574468085106,1.5673758865248224,0.2361702127659574,0.9066883751859006,0.0222138881683349,10.0,regex-paragraph,camembert-large,dense-k10,50,
0.5042553191489362,0.425531914893617,0.2943262411347517,0.425531914893617,0.425531914893617,0.5531914893617021,0.6170212765957447,0.3191489361702128,0.5334398386661091,0.6595744680851063,0.9645390070921984,0.2936170212765957,0.6914976164157779,0.6595744680851063,0.9645390070921984,0.1468085106382978,0.6914976164157779,0.0223809719085693,4.98,regex-paragraph,camembert-large,dense-k5-thresh,50,
0.4656944119710076,0.425531914893617,0.2943262411347517,0.425531914893617,0.425531914893617,0.425531914893617,0.7446808510638298,0.3687943262411347,0.614236107363022,0.5319148936170213,1.099290780141844,0.3361702127659574,0.7787995660922397,0.6382978723404256,1.794326241134752,0.2702127659574468,1.02744818687993,0.0381797885894775,11.84,regex-paragraph,camembert-large,dense-k5-neigh,50,
0.5797872340425532,0.4468085106382978,0.3297872340425531,0.4468085106382978,0.4468085106382978,0.7021276595744681,0.7907801418439717,0.3900709219858155,0.6574429429795593,0.7659574468085106,1.1666666666666663,0.3489361702127659,0.8294568317521207,0.7659574468085106,1.1666666666666663,0.1744680851063829,0.8294568317521207,0.0286334800720214,5.0,regex-paragraph,camembert-large,hybrid-k5,50,
0.6842057261331354,0.5531914893617021,0.4113475177304964,0.5531914893617021,0.5531914893617021,0.7872340425531915,0.9680851063829788,0.4680851063829787,0.8075598449019932,0.8297872340425532,1.3546099290780145,0.4042553191489361,0.9884092364245752,0.8723404255319149,1.7907801418439715,0.2702127659574468,1.1482973356962332,1.6884139680862429,20.0,regex-paragraph,camembert-large,dense-k20-rerank5,50,
0.675531914893617,0.574468085106383,0.3936170212765957,0.574468085106383,0.574468085106383,0.7872340425531915,1.028368794326241,0.4751773049645389,0.8183872311054738,0.8085106382978723,1.3404255319148937,0.3872340425531915,0.967062810658263,0.8085106382978723,1.3404255319148937,0.1936170212765957,0.967062810658263,0.0250972366333007,5.0,regex-paragraph,solon-large,dense-k5,50,
0.6852836879432623,0.574468085106383,0.3936170212765957,0.574468085106383,0.574468085106383,0.7872340425531915,1.028368794326241,0.4751773049645389,0.8183872311054738,0.8085106382978723,1.3404255319148937,0.3872340425531915,0.967062810658263,0.8723404255319149,1.99290780141844,0.2914893617021277,1.2057210407346872,0.0232083797454834,10.0,regex-paragraph,solon-large,dense-k10,50,
0.675531914893617,0.574468085106383,0.3936170212765957,0.574468085106383,0.574468085106383,0.7872340425531915,1.0070921985815602,0.4609929078014184,0.8036334778370212,0.8085106382978723,1.3085106382978724,0.374468085106383,0.9466905866967766,0.8085106382978723,1.3085106382978724,0.1872340425531915,0.9466905866967766,0.0219972276687622,4.26,regex-paragraph,solon-large,dense-k5-thresh,50,
0.6324721377912866,0.574468085106383,0.3936170212765957,0.574468085106383,0.574468085106383,0.6170212765957447,1.0106382978723405,0.4964539007092198,0.8302350781749144,0.723404255319149,1.446808510638298,0.425531914893617,1.0279751638188004,0.8085106382978723,2.219858156028369,0.3276595744680851,1.311502720650903,0.0385308456420898,11.18,regex-paragraph,solon-large,dense-k5-neigh,50,
0.6663120567375886,0.574468085106383,0.4361702127659574,0.574468085106383,0.574468085106383,0.7446808510638298,0.953900709219858,0.4468085106382978,0.7970417137909741,0.8085106382978723,1.3333333333333337,0.3914893617021276,0.9725221513443404,0.8085106382978723,1.3333333333333337,0.1957446808510638,0.9725221513443404,0.0282154941558837,5.0,regex-paragraph,solon-large,hybrid-k5,50,
0.6821175278622087,0.5531914893617021,0.4113475177304964,0.5531914893617021,0.5531914893617021,0.8085106382978723,1.0673758865248228,0.5106382978723404,0.8598968904912956,0.8723404255319149,1.5496453900709222,0.4510638297872341,1.080581525490158,0.8936170212765957,2.1631205673758864,0.3234042553191489,1.304045549501296,1.767123532295227,20.0,regex-paragraph,solon-large,dense-k20-rerank5,50,
,,,,,,,,,,,,,,,,,,,regex-paragraph,bilingual-fr-en,dense-k5,50,retriever_init_failed: No module named 'transformers.onnx'
,,,,,,,,,,,,,,,,,,,regex-paragraph,bilingual-fr-en,dense-k10,50,retriever_init_failed_cached: No module named 'transformers.onnx'
,,,,,,,,,,,,,,,,,,,regex-paragraph,bilingual-fr-en,dense-k5-thresh,50,retriever_init_failed_cached: No module named 'transformers.onnx'
,,,,,,,,,,,,,,,,,,,regex-paragraph,bilingual-fr-en,dense-k5-neigh,50,retriever_init_failed_cached: No module named 'transformers.onnx'
,,,,,,,,,,,,,,,,,,,regex-paragraph,bilingual-fr-en,hybrid-k5,50,retriever_init_failed_cached: No module named 'transformers.onnx'
,,,,,,,,,,,,,,,,,,,regex-paragraph,bilingual-fr-en,dense-k20-rerank5,50,retriever_init_failed_cached: No module named 'transformers.onnx'
0.5893617021276596,0.4042553191489361,0.2943262411347518,0.4042553191489361,0.4042553191489361,0.7659574468085106,0.9787234042553192,0.4609929078014184,0.7471461942999427,0.8297872340425532,1.3936170212765957,0.3914893617021277,0.9297108877333036,0.8297872340425532,1.3936170212765957,0.1957446808510638,0.9297108877333036,0.0543716239929199,5.0,regex-paragraph,ada-002,dense-k5,50,
0.5967494089834516,0.4042553191489361,0.2943262411347518,0.4042553191489361,0.4042553191489361,0.7659574468085106,0.9787234042553192,0.4609929078014184,0.7471461942999427,0.8297872340425532,1.3936170212765957,0.3914893617021277,0.9297108877333036,0.8936170212765957,2.0460992907801416,0.2978723404255319,1.1618804471429294,0.0514484882354736,10.0,regex-paragraph,ada-002,dense-k10,50,
0.5893617021276596,0.4042553191489361,0.2943262411347518,0.4042553191489361,0.4042553191489361,0.7659574468085106,0.9787234042553192,0.4609929078014184,0.7471461942999427,0.8297872340425532,1.3936170212765957,0.3914893617021277,0.9297108877333036,0.8297872340425532,1.3936170212765957,0.1957446808510638,0.9297108877333036,0.0580600214004516,5.0,regex-paragraph,ada-002,dense-k5-thresh,50,
0.5055309938288662,0.4042553191489361,0.2943262411347518,0.4042553191489361,0.4042553191489361,0.4893617021276595,0.8191489361702128,0.3900709219858155,0.647228672101738,0.7446808510638298,1.4609929078014183,0.4170212765957446,0.935808022931132,0.8085106382978723,2.1134751773049643,0.3127659574468085,1.1798796047167293,0.0705942249298095,10.92,regex-paragraph,ada-002,dense-k5-neigh,50,
0.6113475177304964,0.4680851063829787,0.3475177304964539,0.4680851063829787,0.4680851063829787,0.7446808510638298,0.9184397163120568,0.4184397163120567,0.7336933395024796,0.8297872340425532,1.3829787234042554,0.4042553191489361,0.952197640157479,0.8297872340425532,1.3829787234042554,0.202127659574468,0.952197640157479,1.0351442337036132,5.0,regex-paragraph,ada-002,hybrid-k5,50,
0.6618633139909736,0.5319148936170213,0.3794326241134751,0.5319148936170213,0.5319148936170213,0.7659574468085106,1.024822695035461,0.4822695035460992,0.8205767123670177,0.8085106382978723,1.4964539007092197,0.4382978723404255,1.0397900973993053,0.8723404255319149,2.067375886524822,0.3085106382978723,1.2483057251490757,1.701047921180725,20.0,regex-paragraph,ada-002,dense-k20-rerank5,50,
0.5893617021276596,0.4042553191489361,0.2943262411347518,0.4042553191489361,0.4042553191489361,0.7659574468085106,0.9787234042553192,0.4609929078014184,0.7471461942999427,0.8297872340425532,1.3936170212765957,0.3914893617021277,0.9297108877333036,0.8297872340425532,1.3936170212765957,0.1957446808510638,0.9297108877333036,3.454018654823303,5.0,regex-paragraph,embed-3-large,dense-k5,50,
0.5967494089834516,0.4042553191489361,0.2943262411347518,0.4042553191489361,0.4042553191489361,0.7659574468085106,0.9787234042553192,0.4609929078014184,0.7471461942999427,0.8297872340425532,1.3936170212765957,0.3914893617021277,0.9297108877333036,0.8936170212765957,2.0354609929078014,0.2957446808510638,1.1581093984879498,3.3750815868377684,10.0,regex-paragraph,embed-3-large,dense-k10,50,
0.5893617021276596,0.4042553191489361,0.2943262411347518,0.4042553191489361,0.4042553191489361,0.7659574468085106,0.9787234042553192,0.4609929078014184,0.7471461942999427,0.8297872340425532,1.3936170212765957,0.3914893617021277,0.9297108877333036,0.8297872340425532,1.3936170212765957,0.1957446808510638,0.9297108877333036,3.3587669229507444,5.0,regex-paragraph,embed-3-large,dense-k5-thresh,50,
0.5055309938288662,0.4042553191489361,0.2943262411347518,0.4042553191489361,0.4042553191489361,0.4893617021276595,0.8191489361702128,0.3900709219858155,0.647228672101738,0.7446808510638298,1.4609929078014183,0.4170212765957446,0.935808022931132,0.8085106382978723,2.1134751773049643,0.3127659574468085,1.1798796047167293,3.811277022361756,10.92,regex-paragraph,embed-3-large,dense-k5-neigh,50,
0.6113475177304964,0.4680851063829787,0.3475177304964539,0.4680851063829787,0.4680851063829787,0.7446808510638298,0.9184397163120568,0.4184397163120567,0.7336933395024796,0.8297872340425532,1.3829787234042554,0.4042553191489361,0.952197640157479,0.8297872340425532,1.3829787234042554,0.202127659574468,0.952197640157479,6.362562212944031,5.0,regex-paragraph,embed-3-large,hybrid-k5,50,
0.6618633139909736,0.5319148936170213,0.3794326241134751,0.5319148936170213,0.5319148936170213,0.7659574468085106,1.024822695035461,0.4822695035460992,0.8205767123670177,0.8085106382978723,1.4964539007092197,0.4382978723404255,1.0397900973993053,0.8723404255319149,2.067375886524822,0.3085106382978723,1.2483057251490757,4.897191348075867,20.0,regex-paragraph,embed-3-large,dense-k20-rerank5,50,
0.4067375886524822,0.2765957446808511,0.2340425531914893,0.2765957446808511,0.2765957446808511,0.5319148936170213,0.6595744680851063,0.2765957446808511,0.5023390357152654,0.574468085106383,0.9361702127659576,0.2468085106382978,0.6288198971121826,0.574468085106383,0.9361702127659576,0.1234042553191489,0.6288198971121826,0.0037652969360351,5.0,semantic-mpnet,minilm-l6,dense-k5,50,
0.4233451536643026,0.2765957446808511,0.2340425531914893,0.2765957446808511,0.2765957446808511,0.5319148936170213,0.6595744680851063,0.2765957446808511,0.5023390357152654,0.574468085106383,0.9361702127659576,0.2468085106382978,0.6288198971121826,0.7021276595744681,1.6879432624113475,0.2297872340425531,0.8900768505844501,0.00410728931427,10.0,semantic-mpnet,minilm-l6,dense-k10,50,
0.4067375886524822,0.2765957446808511,0.2340425531914893,0.2765957446808511,0.2765957446808511,0.5319148936170213,0.6595744680851063,0.2765957446808511,0.5023390357152654,0.574468085106383,0.9361702127659576,0.2468085106382978,0.6288198971121826,0.574468085106383,0.9361702127659576,0.1234042553191489,0.6288198971121826,0.0036855220794677,5.0,semantic-mpnet,minilm-l6,dense-k5-thresh,50,
0.3408463876548983,0.2765957446808511,0.2340425531914893,0.2765957446808511,0.2765957446808511,0.2765957446808511,0.648936170212766,0.2482269503546099,0.4873332376100859,0.5106382978723404,1.1063829787234043,0.2723404255319149,0.6887963039360018,0.5531914893617021,1.9680851063829787,0.2553191489361702,0.9921990219011296,0.0439979934692382,14.0,semantic-mpnet,minilm-l6,dense-k5-neigh,50,
0.4964539007092198,0.3829787234042553,0.2978723404255319,0.3829787234042553,0.3829787234042553,0.6170212765957447,0.8794326241134752,0.3758865248226949,0.6722252647116086,0.6595744680851063,1.3156028368794326,0.3489361702127659,0.8699675819166359,0.6595744680851063,1.3156028368794326,0.1744680851063829,0.8699675819166359,0.0191971063613891,5.0,semantic-mpnet,minilm-l6,hybrid-k5,50,
0.5239952718676123,0.3829787234042553,0.2978723404255319,0.3829787234042553,0.3829787234042553,0.6170212765957447,0.8617021276595744,0.3687943262411347,0.6586236746892272,0.7446808510638298,1.358156028368794,0.3574468085106383,0.8787311340615971,0.7659574468085106,2.0070921985815606,0.2680851063829787,1.104358777326143,0.6716518783569336,20.0,semantic-mpnet,minilm-l6,dense-k20-rerank5,50,
0.4546099290780141,0.3829787234042553,0.2765957446808511,0.3829787234042553,0.3829787234042553,0.5319148936170213,0.7127659574468085,0.3333333333333333,0.5668107557623994,0.5957446808510638,1.1063829787234043,0.3106382978723404,0.7426486694810285,0.5957446808510638,1.1063829787234043,0.1553191489361702,0.7426486694810285,0.0112846755981445,5.0,semantic-mpnet,mpnet-base,dense-k5,50,
0.464741641337386,0.3829787234042553,0.2765957446808511,0.3829787234042553,0.3829787234042553,0.5319148936170213,0.7127659574468085,0.3333333333333333,0.5668107557623994,0.5957446808510638,1.1063829787234043,0.3106382978723404,0.7426486694810285,0.6595744680851063,1.7340425531914894,0.2468085106382978,0.966892556973034,0.0111388349533081,10.0,semantic-mpnet,mpnet-base,dense-k10,50,
0.4546099290780141,0.3829787234042553,0.2765957446808511,0.3829787234042553,0.3829787234042553,0.5319148936170213,0.7127659574468085,0.3333333333333333,0.5668107557623994,0.5957446808510638,1.1063829787234043,0.3106382978723404,0.7426486694810285,0.5957446808510638,1.1063829787234043,0.1553191489361702,0.7426486694810285,0.0102956247329711,5.0,semantic-mpnet,mpnet-base,dense-k5-thresh,50,
0.4160587639311043,0.3829787234042553,0.2765957446808511,0.3829787234042553,0.3829787234042553,0.3829787234042553,0.7872340425531915,0.3546099290780141,0.6129063914046006,0.4468085106382978,1.127659574468085,0.3148936170212766,0.7678052029783629,0.574468085106383,2.106382978723404,0.2999999999999999,1.1129580347469497,0.0530561637878417,13.98,semantic-mpnet,mpnet-base,dense-k5-neigh,50,
0.5361702127659576,0.4042553191489361,0.2872340425531915,0.4042553191489361,0.4042553191489361,0.6595744680851063,0.8475177304964538,0.3900709219858155,0.6615071531841686,0.723404255319149,1.2624113475177303,0.3489361702127659,0.843500135770651,0.723404255319149,1.2624113475177303,0.1744680851063829,0.843500135770651,0.0263252639770507,5.0,semantic-mpnet,mpnet-base,hybrid-k5,50,
0.5371073961499494,0.425531914893617,0.2978723404255319,0.425531914893617,0.425531914893617,0.6382978723404256,0.8617021276595744,0.3900709219858155,0.6695829389681134,0.6808510638297872,1.372340425531915,0.3617021276595745,0.8917763375368941,0.7659574468085106,1.9539007092198584,0.2702127659574468,1.1061542743436017,0.6884720373153687,20.0,semantic-mpnet,mpnet-base,dense-k20-rerank5,50,
0.4723404255319148,0.3617021276595745,0.2446808510638297,0.3617021276595745,0.3617021276595745,0.574468085106383,0.7588652482269505,0.3758865248226949,0.5881105984399541,0.6382978723404256,1.2624113475177303,0.3702127659574468,0.8149525338678111,0.6382978723404256,1.2624113475177303,0.1851063829787234,0.8149525338678111,0.0057600975036621,5.0,semantic-mpnet,e5-small-ml,dense-k5,50,
0.4845997973657548,0.3617021276595745,0.2446808510638297,0.3617021276595745,0.3617021276595745,0.574468085106383,0.7588652482269505,0.3758865248226949,0.5881105984399541,0.6382978723404256,1.2624113475177303,0.3702127659574468,0.8149525338678111,0.723404255319149,2.180851063829788,0.325531914893617,1.1455045415075715,0.0057957983016967,10.0,semantic-mpnet,e5-small-ml,dense-k10,50,
0.4723404255319148,0.3617021276595745,0.2446808510638297,0.3617021276595745,0.3617021276595745,0.574468085106383,0.7588652482269505,0.3758865248226949,0.5881105984399541,0.6382978723404256,1.2624113475177303,0.3702127659574468,0.8149525338678111,0.6382978723404256,1.2624113475177303,0.1851063829787234,0.8149525338678111,0.0059332275390625,5.0,semantic-mpnet,e5-small-ml,dense-k5-thresh,50,
0.4154917777258203,0.3617021276595745,0.2446808510638297,0.3617021276595745,0.3617021276595745,0.3617021276595745,0.6914893617021277,0.3333333333333333,0.5500279677714051,0.5106382978723404,1.0886524822695036,0.3191489361702128,0.7304837687993343,0.6170212765957447,2.3475177304964543,0.3553191489361701,1.1831451094204783,0.0406734895706176,13.78,semantic-mpnet,e5-small-ml,dense-k5-neigh,50,
0.5585106382978723,0.4680851063829787,0.3368794326241134,0.4680851063829787,0.4680851063829787,0.6595744680851063,0.9113475177304964,0.4184397163120567,0.718005328806528,0.6808510638297872,1.3652482269503547,0.3829787234042553,0.9217255906275128,0.6808510638297872,1.3652482269503547,0.1914893617021276,0.9217255906275128,0.0210464525222778,5.0,semantic-mpnet,e5-small-ml,hybrid-k5,50,
0.5729132569558102,0.4042553191489361,0.2836879432624113,0.4042553191489361,0.4042553191489361,0.7446808510638298,0.9326241134751772,0.425531914893617,0.7081237356493364,0.8085106382978723,1.4148936170212767,0.4,0.9276649489544416,0.8085106382978723,2.556737588652482,0.3659574468085106,1.333089076887359,0.7429322099685669,20.0,semantic-mpnet,e5-small-ml,dense-k20-rerank5,50,
0.624822695035461,0.5106382978723404,0.351063829787234,0.5106382978723404,0.5106382978723404,0.7659574468085106,1.0035460992907803,0.4751773049645389,0.7789695629477803,0.7872340425531915,1.4574468085106382,0.4255319148936171,0.9869867534158162,0.7872340425531915,1.4574468085106382,0.2127659574468085,0.9869867534158162,0.0101335000991821,5.0,semantic-mpnet,e5-base-ml,dense-k5,50,
0.6333924349881797,0.5106382978723404,0.351063829787234,0.5106382978723404,0.5106382978723404,0.7659574468085106,1.0035460992907803,0.4751773049645389,0.7789695629477803,0.7872340425531915,1.4574468085106382,0.4255319148936171,0.9869867534158162,0.851063829787234,2.382978723404255,0.351063829787234,1.3165216409067158,0.0100194025039672,10.0,semantic-mpnet,e5-base-ml,dense-k10,50,
0.624822695035461,0.5106382978723404,0.351063829787234,0.5106382978723404,0.5106382978723404,0.7659574468085106,1.0035460992907803,0.4751773049645389,0.7789695629477803,0.7872340425531915,1.4574468085106382,0.4255319148936171,0.9869867534158162,0.7872340425531915,1.4574468085106382,0.2127659574468085,0.9869867534158162,0.0094747495651245,5.0,semantic-mpnet,e5-base-ml,dense-k5-thresh,50,
0.5671225937183384,0.5106382978723404,0.351063829787234,0.5106382978723404,0.5106382978723404,0.5106382978723404,1.0319148936170213,0.4964539007092198,0.8119962667046511,0.6808510638297872,1.5780141843971631,0.4510638297872341,1.0553000237169563,0.7659574468085106,2.943262411347517,0.4255319148936169,1.5401585805967657,0.0431825542449951,13.68,semantic-mpnet,e5-base-ml,dense-k5-neigh,50,
0.5780141843971631,0.4042553191489361,0.2943262411347518,0.4042553191489361,0.4042553191489361,0.7659574468085106,0.9290780141843972,0.4397163120567376,0.7202468744883779,0.8085106382978723,1.4361702127659577,0.4127659574468085,0.9521345736620604,0.8085106382978723,1.4361702127659577,0.2063829787234042,0.9521345736620604,0.0237174558639526,5.0,semantic-mpnet,e5-base-ml,hybrid-k5,50,
0.5255572441742654,0.3191489361702128,0.2198581560283688,0.3191489361702128,0.3191489361702128,0.723404255319149,0.9113475177304964,0.425531914893617,0.6644928730382801,0.8297872340425532,1.4361702127659577,0.4127659574468085,0.9037129399848204,0.8723404255319149,2.4326241134751774,0.3638297872340425,1.2646327224764289,0.6786096286773682,20.0,semantic-mpnet,e5-base-ml,dense-k20-rerank5,50,
0.5425531914893617,0.425531914893617,0.2978723404255319,0.425531914893617,0.425531914893617,0.6382978723404256,0.8368794326241134,0.3971631205673759,0.6656450362843515,0.723404255319149,1.269503546099291,0.3659574468085107,0.8635709386212184,0.723404255319149,1.269503546099291,0.1829787234042553,0.8635709386212184,0.0225758647918701,5.0,semantic-mpnet,e5-large-ml,dense-k5,50,
0.5548125633232016,0.425531914893617,0.2978723404255319,0.425531914893617,0.425531914893617,0.6382978723404256,0.8368794326241134,0.3971631205673759,0.6656450362843515,0.723404255319149,1.2588652482269505,0.3617021276595745,0.8585241787750629,0.8085106382978723,2.184397163120567,0.3170212765957447,1.1899122615800837,0.0242440366744995,10.0,semantic-mpnet,e5-large-ml,dense-k10,50,
0.5425531914893617,0.425531914893617,0.2978723404255319,0.425531914893617,0.425531914893617,0.6382978723404256,0.8368794326241134,0.3971631205673759,0.6656450362843515,0.723404255319149,1.269503546099291,0.3659574468085107,0.8635709386212184,0.723404255319149,1.269503546099291,0.1829787234042553,0.8635709386212184,0.0230525588989257,5.0,semantic-mpnet,e5-large-ml,dense-k5-thresh,50,
0.484709557581898,0.425531914893617,0.2978723404255319,0.425531914893617,0.425531914893617,0.4680851063829787,0.9042553191489362,0.425531914893617,0.70042016146344,0.574468085106383,1.5,0.4170212765957447,0.9641923540377716,0.723404255319149,2.5070921985815606,0.3659574468085107,1.326163846289496,0.0568438243865966,13.6,semantic-mpnet,e5-large-ml,dense-k5-neigh,50,
0.5787234042553191,0.4468085106382978,0.3191489361702128,0.4468085106382978,0.4468085106382978,0.7021276595744681,0.9219858156028368,0.4326241134751772,0.7225512009805204,0.7659574468085106,1.400709219858156,0.3914893617021276,0.935251208692504,0.7659574468085106,1.400709219858156,0.1957446808510638,0.935251208692504,0.0382313585281372,5.0,semantic-mpnet,e5-large-ml,hybrid-k5,50,
0.5941742654508613,0.425531914893617,0.3156028368794326,0.425531914893617,0.425531914893617,0.7446808510638298,0.9432624113475176,0.4468085106382978,0.7354758999428525,0.8297872340425532,1.4929078014184398,0.4212765957446808,0.981602102417162,0.851063829787234,2.471631205673759,0.3574468085106383,1.3309935556285175,0.7835558223724365,20.0,semantic-mpnet,e5-large-ml,dense-k20-rerank5,50,
0.4464539007092198,0.2978723404255319,0.1879432624113474,0.2978723404255319,0.2978723404255319,0.5957446808510638,0.5780141843971631,0.2836879432624112,0.4555841853913307,0.6595744680851063,0.9574468085106383,0.2851063829787234,0.6270515480871761,0.6595744680851063,0.9574468085106383,0.1425531914893617,0.6270515480871761,0.0234057712554931,5.0,semantic-mpnet,bge-m3,dense-k5,50,
0.4607227288078351,0.2978723404255319,0.1879432624113474,0.2978723404255319,0.2978723404255319,0.5957446808510638,0.5780141843971631,0.2836879432624112,0.4555841853913307,0.6595744680851063,0.9574468085106383,0.2851063829787234,0.6270515480871761,0.7659574468085106,1.549645390070922,0.2297872340425531,0.8373758470783944,0.0227560997009277,10.0,semantic-mpnet,bge-m3,dense-k10,50,
0.4464539007092198,0.2978723404255319,0.1879432624113474,0.2978723404255319,0.2978723404255319,0.5957446808510638,0.5780141843971631,0.2836879432624112,0.4555841853913307,0.6595744680851063,0.9574468085106383,0.2851063829787234,0.6270515480871761,0.6595744680851063,0.9574468085106383,0.1425531914893617,0.6270515480871761,0.0227865505218505,5.0,semantic-mpnet,bge-m3,dense-k5-thresh,50,
0.3705323045748577,0.2978723404255319,0.1879432624113474,0.2978723404255319,0.2978723404255319,0.3191489361702128,0.5531914893617021,0.2907801418439716,0.4463044209648439,0.5106382978723404,0.9680851063829788,0.2808510638297872,0.6270087370592604,0.6170212765957447,1.7127659574468086,0.2531914893617021,0.8936912506161208,0.0559404850006103,13.52,semantic-mpnet,bge-m3,dense-k5-neigh,50,
0.5556737588652483,0.4468085106382978,0.3368794326241134,0.4468085106382978,0.4468085106382978,0.6382978723404256,0.7375886524822695,0.3546099290780141,0.6233206426988428,0.723404255319149,1.216312056737589,0.3446808510638298,0.8345165193333339,0.723404255319149,1.216312056737589,0.1723404255319149,0.8345165193333339,0.0371934080123901,5.0,semantic-mpnet,bge-m3,hybrid-k5,50,
0.5734886862546437,0.425531914893617,0.3262411347517731,0.425531914893617,0.425531914893617,0.7021276595744681,0.8049645390070921,0.3758865248226949,0.6530289488809721,0.7659574468085106,1.2269503546099292,0.3489361702127659,0.8428998292166988,0.8297872340425532,1.946808510638298,0.2957446808510638,1.1122841357220945,1.1996249437332154,20.0,semantic-mpnet,bge-m3,dense-k20-rerank5,50,
0.5273049645390071,0.425531914893617,0.3049645390070922,0.425531914893617,0.425531914893617,0.6382978723404256,0.677304964539007,0.3333333333333333,0.5730583064690267,0.6808510638297872,0.950354609929078,0.2893617021276595,0.7009367954567857,0.6808510638297872,0.950354609929078,0.1446808510638297,0.7009367954567857,0.0090048694610595,5.0,semantic-mpnet,granite-311m-ml,dense-k5,50,
0.5467156366092537,0.425531914893617,0.3049645390070922,0.425531914893617,0.425531914893617,0.6382978723404256,0.677304964539007,0.3333333333333333,0.5730583064690267,0.6808510638297872,0.950354609929078,0.2893617021276595,0.7009367954567857,0.8297872340425532,1.719858156028369,0.2702127659574468,0.9831671799787454,0.0090153980255126,10.0,semantic-mpnet,granite-311m-ml,dense-k10,50,
0.5273049645390071,0.425531914893617,0.3049645390070922,0.425531914893617,0.425531914893617,0.6382978723404256,0.677304964539007,0.3333333333333333,0.5730583064690267,0.6808510638297872,0.950354609929078,0.2893617021276595,0.7009367954567857,0.6808510638297872,0.950354609929078,0.1446808510638297,0.7009367954567857,0.0086688566207885,5.0,semantic-mpnet,granite-311m-ml,dense-k5-thresh,50,
0.4766049553283595,0.425531914893617,0.3049645390070922,0.425531914893617,0.425531914893617,0.425531914893617,0.8829787234042553,0.4113475177304964,0.6901602159486742,0.5957446808510638,1.319148936170213,0.3744680851063829,0.8863961705150678,0.6595744680851063,2.021276595744681,0.3,1.1428638557679434,0.0512677001953125,13.74,semantic-mpnet,granite-311m-ml,dense-k5-neigh,50,
0.5549645390070922,0.4042553191489361,0.3156028368794326,0.4042553191489361,0.4042553191489361,0.6808510638297872,0.9078014184397164,0.4184397163120567,0.7106397538719841,0.7446808510638298,1.3297872340425532,0.3787234042553191,0.905381505262782,0.7446808510638298,1.3297872340425532,0.1893617021276595,0.905381505262782,0.0242992448806762,5.0,semantic-mpnet,granite-311m-ml,hybrid-k5,50,
0.5970449172576832,0.4468085106382978,0.3262411347517731,0.4468085106382978,0.4468085106382978,0.7021276595744681,0.9078014184397164,0.4326241134751772,0.7226766892725648,0.8297872340425532,1.4645390070921984,0.4170212765957447,0.971598916977904,0.851063829787234,2.145390070921986,0.3234042553191489,1.2228637583899855,0.9006698894500732,20.0,semantic-mpnet,granite-311m-ml,dense-k20-rerank5,50,
,,,,,,,,,,,,,,,,,,,semantic-mpnet,jina-v3,dense-k5,50,retriever_init_failed: 'XLMRobertaLoRA' object has no attribute 'all_tied_weights_keys'
,,,,,,,,,,,,,,,,,,,semantic-mpnet,jina-v3,dense-k10,50,retriever_init_failed_cached: 'XLMRobertaLoRA' object has no attribute 'all_tied_weights_keys'
,,,,,,,,,,,,,,,,,,,semantic-mpnet,jina-v3,dense-k5-thresh,50,retriever_init_failed_cached: 'XLMRobertaLoRA' object has no attribute 'all_tied_weights_keys'
,,,,,,,,,,,,,,,,,,,semantic-mpnet,jina-v3,dense-k5-neigh,50,retriever_init_failed_cached: 'XLMRobertaLoRA' object has no attribute 'all_tied_weights_keys'
,,,,,,,,,,,,,,,,,,,semantic-mpnet,jina-v3,hybrid-k5,50,retriever_init_failed_cached: 'XLMRobertaLoRA' object has no attribute 'all_tied_weights_keys'
,,,,,,,,,,,,,,,,,,,semantic-mpnet,jina-v3,dense-k20-rerank5,50,retriever_init_failed_cached: 'XLMRobertaLoRA' object has no attribute 'all_tied_weights_keys'
,,,,,,,,,,,,,,,,,,,semantic-mpnet,jina-v2-base-en,dense-k5,50,retriever_init_failed: No module named 'transformers.onnx'
,,,,,,,,,,,,,,,,,,,semantic-mpnet,jina-v2-base-en,dense-k10,50,retriever_init_failed_cached: No module named 'transformers.onnx'
,,,,,,,,,,,,,,,,,,,semantic-mpnet,jina-v2-base-en,dense-k5-thresh,50,retriever_init_failed_cached: No module named 'transformers.onnx'
,,,,,,,,,,,,,,,,,,,semantic-mpnet,jina-v2-base-en,dense-k5-neigh,50,retriever_init_failed_cached: No module named 'transformers.onnx'
,,,,,,,,,,,,,,,,,,,semantic-mpnet,jina-v2-base-en,hybrid-k5,50,retriever_init_failed_cached: No module named 'transformers.onnx'
,,,,,,,,,,,,,,,,,,,semantic-mpnet,jina-v2-base-en,dense-k20-rerank5,50,retriever_init_failed_cached: No module named 'transformers.onnx'
0.6797872340425531,0.5531914893617021,0.4219858156028369,0.5531914893617021,0.5531914893617021,0.8085106382978723,1.0106382978723405,0.4893617021276595,0.8259243936881361,0.851063829787234,1.6134751773049645,0.4680851063829788,1.0944871347013805,0.851063829787234,1.6134751773049645,0.2340425531914894,1.0944871347013805,0.0264765357971191,5.0,semantic-mpnet,nomic-v2,dense-k5,50,
0.6859929078014183,0.5531914893617021,0.4219858156028369,0.5531914893617021,0.5531914893617021,0.8085106382978723,1.0106382978723405,0.4893617021276595,0.8259243936881361,0.851063829787234,1.6134751773049645,0.4680851063829788,1.0944871347013805,0.8936170212765957,2.47517730496454,0.3617021276595745,1.4016950415334006,0.0266065692901611,10.0,semantic-mpnet,nomic-v2,dense-k10,50,
0.6797872340425531,0.5531914893617021,0.4219858156028369,0.5531914893617021,0.5531914893617021,0.8085106382978723,1.0106382978723405,0.4893617021276595,0.8259243936881361,0.851063829787234,1.6134751773049645,0.4680851063829788,1.0944871347013805,0.851063829787234,1.6134751773049645,0.2340425531914894,1.0944871347013805,0.0259784078598022,5.0,semantic-mpnet,nomic-v2,dense-k5-thresh,50,
0.6141830982256514,0.5531914893617021,0.4219858156028369,0.5531914893617021,0.5531914893617021,0.5531914893617021,1.2340425531914894,0.5390070921985816,0.9446543088048448,0.7446808510638298,1.74822695035461,0.4936170212765957,1.186489052968718,0.8297872340425532,3.00354609929078,0.4425531914893617,1.6383284923584442,0.0666746950149536,13.22,semantic-mpnet,nomic-v2,dense-k5-neigh,50,
0.6485815602836879,0.5319148936170213,0.4113475177304965,0.5319148936170213,0.5319148936170213,0.7659574468085106,1.024822695035461,0.4680851063829788,0.8214591543980461,0.8297872340425532,1.5319148936170213,0.4382978723404255,1.0567882175823708,0.8297872340425532,1.5319148936170213,0.2191489361702127,1.0567882175823708,0.0476508045196533,5.0,semantic-mpnet,nomic-v2,hybrid-k5,50,
0.5740206011482607,0.4042553191489361,0.2836879432624113,0.4042553191489361,0.4042553191489361,0.6808510638297872,0.8368794326241134,0.3971631205673759,0.6575916782044775,0.8297872340425532,1.3865248226950355,0.3957446808510638,0.9040763585013808,0.9361702127659576,2.627659574468085,0.3765957446808511,1.34413035035771,0.9187840795516968,20.0,semantic-mpnet,nomic-v2,dense-k20-rerank5,50,
0.5982269503546099,0.4468085106382978,0.3368794326241134,0.4468085106382978,0.4468085106382978,0.7021276595744681,0.8546099290780141,0.4042553191489361,0.6920915116139651,0.8297872340425532,1.4574468085106382,0.4170212765957447,0.9650324999907484,0.8297872340425532,1.4574468085106382,0.2085106382978723,0.9650324999907484,0.089560866355896,5.0,semantic-mpnet,qwen3-embed-8b,dense-k5,50,
0.6032505910165485,0.4468085106382978,0.3368794326241134,0.4468085106382978,0.4468085106382978,0.7021276595744681,0.8546099290780141,0.4042553191489361,0.6920915116139651,0.8297872340425532,1.4574468085106382,0.4170212765957447,0.9650324999907484,0.8723404255319149,2.354609929078014,0.3531914893617021,1.2908659889487315,0.0902180862426757,10.0,semantic-mpnet,qwen3-embed-8b,dense-k10,50,
0.5982269503546099,0.4468085106382978,0.3368794326241134,0.4468085106382978,0.4468085106382978,0.7021276595744681,0.8546099290780141,0.4042553191489361,0.6920915116139651,0.8297872340425532,1.4574468085106382,0.4170212765957447,0.9650324999907484,0.8297872340425532,1.4574468085106382,0.2085106382978723,0.9650324999907484,0.0893688488006591,5.0,semantic-mpnet,qwen3-embed-8b,dense-k5-thresh,50,
0.5196288935650637,0.4468085106382978,0.3368794326241134,0.4468085106382978,0.4468085106382978,0.4468085106382978,0.9361702127659576,0.4184397163120567,0.7317620438371887,0.6595744680851063,1.4893617021276595,0.4042553191489361,0.9781399945964576,0.8085106382978723,2.7624113475177308,0.4,1.4318301098092427,0.1327692365646362,13.3,semantic-mpnet,qwen3-embed-8b,dense-k5-neigh,50,
0.6099290780141844,0.4893617021276595,0.3687943262411347,0.4893617021276595,0.4893617021276595,0.7446808510638298,1.0141843971631206,0.4609929078014184,0.797122346674877,0.7446808510638298,1.5425531914893618,0.4297872340425532,1.0346546974120854,0.7446808510638298,1.5425531914893618,0.2148936170212766,1.0346546974120854,0.1053033208847046,5.0,semantic-mpnet,qwen3-embed-8b,hybrid-k5,50,
0.5721723312148844,0.4042553191489361,0.2836879432624113,0.4042553191489361,0.4042553191489361,0.7021276595744681,0.8368794326241134,0.3900709219858155,0.6534762228083653,0.7872340425531915,1.3936170212765957,0.3957446808510638,0.906336901338162,0.9148936170212766,2.368794326241135,0.3510638297872341,1.256265648727598,1.2362514352798462,20.0,semantic-mpnet,qwen3-embed-8b,dense-k20-rerank5,50,
,,,,,,,,,,,,,,,,,,,semantic-mpnet,gte-qwen2-7b,dense-k5,50,retriever_init_failed: 'Qwen2Config' object has no attribute 'rope_theta'
,,,,,,,,,,,,,,,,,,,semantic-mpnet,gte-qwen2-7b,dense-k10,50,retriever_init_failed_cached: 'Qwen2Config' object has no attribute 'rope_theta'
,,,,,,,,,,,,,,,,,,,semantic-mpnet,gte-qwen2-7b,dense-k5-thresh,50,retriever_init_failed_cached: 'Qwen2Config' object has no attribute 'rope_theta'
,,,,,,,,,,,,,,,,,,,semantic-mpnet,gte-qwen2-7b,dense-k5-neigh,50,retriever_init_failed_cached: 'Qwen2Config' object has no attribute 'rope_theta'
,,,,,,,,,,,,,,,,,,,semantic-mpnet,gte-qwen2-7b,hybrid-k5,50,retriever_init_failed_cached: 'Qwen2Config' object has no attribute 'rope_theta'
,,,,,,,,,,,,,,,,,,,semantic-mpnet,gte-qwen2-7b,dense-k20-rerank5,50,retriever_init_failed_cached: 'Qwen2Config' object has no attribute 'rope_theta'
,,,,,,,,,,,,,,,,,,,semantic-mpnet,nv-embed-v2,dense-k5,50,retriever_init_failed: 'NVEmbedModel' object has no attribute 'all_tied_weights_keys'
,,,,,,,,,,,,,,,,,,,semantic-mpnet,nv-embed-v2,dense-k10,50,retriever_init_failed_cached: 'NVEmbedModel' object has no attribute 'all_tied_weights_keys'
,,,,,,,,,,,,,,,,,,,semantic-mpnet,nv-embed-v2,dense-k5-thresh,50,retriever_init_failed_cached: 'NVEmbedModel' object has no attribute 'all_tied_weights_keys'
,,,,,,,,,,,,,,,,,,,semantic-mpnet,nv-embed-v2,dense-k5-neigh,50,retriever_init_failed_cached: 'NVEmbedModel' object has no attribute 'all_tied_weights_keys'
,,,,,,,,,,,,,,,,,,,semantic-mpnet,nv-embed-v2,hybrid-k5,50,retriever_init_failed_cached: 'NVEmbedModel' object has no attribute 'all_tied_weights_keys'
,,,,,,,,,,,,,,,,,,,semantic-mpnet,nv-embed-v2,dense-k20-rerank5,50,retriever_init_failed_cached: 'NVEmbedModel' object has no attribute 'all_tied_weights_keys'
0.4907801418439716,0.3191489361702128,0.2234042553191489,0.3191489361702128,0.3191489361702128,0.6382978723404256,0.6950354609929079,0.3404255319148935,0.5535247372872998,0.723404255319149,1.1595744680851063,0.3446808510638298,0.765869500395162,0.723404255319149,1.1595744680851063,0.1723404255319149,0.765869500395162,0.02278564453125,5.0,semantic-mpnet,camembert-large,dense-k5,50,
0.4978723404255319,0.3191489361702128,0.2234042553191489,0.3191489361702128,0.3191489361702128,0.6382978723404256,0.6950354609929079,0.3404255319148935,0.5535247372872998,0.723404255319149,1.1595744680851063,0.3446808510638298,0.765869500395162,0.7659574468085106,1.8758865248226948,0.2787234042553191,1.0175572285697674,0.0220477151870727,10.0,semantic-mpnet,camembert-large,dense-k10,50,
0.4907801418439716,0.3191489361702128,0.2234042553191489,0.3191489361702128,0.3191489361702128,0.6382978723404256,0.6950354609929079,0.3404255319148935,0.5535247372872998,0.723404255319149,1.1595744680851063,0.3446808510638298,0.765869500395162,0.723404255319149,1.1595744680851063,0.1723404255319149,0.765869500395162,0.0217308378219604,5.0,semantic-mpnet,camembert-large,dense-k5-thresh,50,
0.4020419297015041,0.3191489361702128,0.2234042553191489,0.3191489361702128,0.3191489361702128,0.3191489361702128,0.6595744680851063,0.3120567375886525,0.5157056870742677,0.5957446808510638,1.3120567375886525,0.3744680851063829,0.808399377519203,0.6808510638297872,2.283687943262412,0.3404255319148936,1.161866949522123,0.0612183141708374,13.94,semantic-mpnet,camembert-large,dense-k5-neigh,50,
0.5333333333333333,0.3829787234042553,0.2836879432624113,0.3829787234042553,0.3829787234042553,0.6808510638297872,0.8652482269503547,0.4042553191489362,0.6686371459218242,0.7659574468085106,1.297872340425532,0.3659574468085107,0.8614656136888232,0.7659574468085106,1.297872340425532,0.1829787234042553,0.8614656136888232,0.0362302684783935,5.0,semantic-mpnet,camembert-large,hybrid-k5,50,
0.4924188695465291,0.3191489361702128,0.2340425531914893,0.3191489361702128,0.3191489361702128,0.6382978723404256,0.8049645390070921,0.3758865248226951,0.6078683898950732,0.6808510638297872,1.1914893617021276,0.3531914893617021,0.7885045483933704,0.7659574468085106,2.202127659574468,0.325531914893617,1.1449022677512843,0.7243369913101196,20.0,semantic-mpnet,camembert-large,dense-k20-rerank5,50,
0.5911347517730496,0.4893617021276595,0.3617021276595745,0.4893617021276595,0.4893617021276595,0.6595744680851063,0.8723404255319149,0.4042553191489361,0.7065646515820938,0.7872340425531915,1.4113475177304964,0.3999999999999999,0.9514461676046256,0.7872340425531915,1.4113475177304964,0.1999999999999999,0.9514461676046256,0.0225683259963989,5.0,semantic-mpnet,solon-large,dense-k5,50,
0.6036305302262749,0.4893617021276595,0.3617021276595745,0.4893617021276595,0.4893617021276595,0.6595744680851063,0.8723404255319149,0.4042553191489361,0.7065646515820938,0.7872340425531915,1.4113475177304964,0.3999999999999999,0.9514461676046256,0.8723404255319149,2.464539007092198,0.3425531914893617,1.3149131028295866,0.0220842218399047,10.0,semantic-mpnet,solon-large,dense-k10,50,
0.5840425531914895,0.4893617021276595,0.3617021276595745,0.4893617021276595,0.4893617021276595,0.6382978723404256,0.851063829787234,0.3971631205673758,0.6959263537097534,0.7659574468085106,1.3687943262411346,0.3914893617021276,0.931644538709447,0.7659574468085106,1.3687943262411346,0.1957446808510638,0.931644538709447,0.0222278451919555,4.64,semantic-mpnet,solon-large,dense-k5-thresh,50,
0.5361372079457186,0.4893617021276595,0.3617021276595745,0.4893617021276595,0.4893617021276595,0.4893617021276595,1.0638297872340423,0.4822695035460992,0.8216832009761443,0.574468085106383,1.5319148936170213,0.425531914893617,1.0327009572584098,0.7659574468085106,2.698581560283688,0.3872340425531915,1.444111661254369,0.0571964788436889,13.52,semantic-mpnet,solon-large,dense-k5-neigh,50,
0.6031914893617022,0.4893617021276595,0.3687943262411348,0.4893617021276595,0.4893617021276595,0.6808510638297872,0.9113475177304964,0.4113475177304965,0.7303516949948643,0.8085106382978723,1.517730496453901,0.4170212765957447,1.0021766780091943,0.8085106382978723,1.517730496453901,0.2085106382978723,1.0021766780091943,0.038619418144226,5.0,semantic-mpnet,solon-large,hybrid-k5,50,
0.613803159015925,0.4680851063829787,0.3368794326241134,0.4680851063829787,0.4680851063829787,0.7021276595744681,0.9645390070921984,0.4468085106382978,0.7561220984932319,0.7659574468085106,1.4609929078014183,0.4127659574468085,0.9813091988226748,0.8723404255319149,2.624113475177305,0.3659574468085107,1.385048420980933,0.7191008424758911,20.0,semantic-mpnet,solon-large,dense-k20-rerank5,50,
,,,,,,,,,,,,,,,,,,,semantic-mpnet,bilingual-fr-en,dense-k5,50,retriever_init_failed: No module named 'transformers.onnx'
,,,,,,,,,,,,,,,,,,,semantic-mpnet,bilingual-fr-en,dense-k10,50,retriever_init_failed_cached: No module named 'transformers.onnx'
,,,,,,,,,,,,,,,,,,,semantic-mpnet,bilingual-fr-en,dense-k5-thresh,50,retriever_init_failed_cached: No module named 'transformers.onnx'
,,,,,,,,,,,,,,,,,,,semantic-mpnet,bilingual-fr-en,dense-k5-neigh,50,retriever_init_failed_cached: No module named 'transformers.onnx'
,,,,,,,,,,,,,,,,,,,semantic-mpnet,bilingual-fr-en,hybrid-k5,50,retriever_init_failed_cached: No module named 'transformers.onnx'
,,,,,,,,,,,,,,,,,,,semantic-mpnet,bilingual-fr-en,dense-k20-rerank5,50,retriever_init_failed_cached: No module named 'transformers.onnx'
0.5663120567375887,0.425531914893617,0.2978723404255319,0.425531914893617,0.425531914893617,0.6808510638297872,0.9326241134751772,0.44680851063829785,0.7236288721022149,0.7659574468085106,1.4822695035460993,0.4255319148936171,0.9695418415522398,0.7659574468085106,1.4822695035460993,0.21276595744680854,0.9695418415522398,0.049455089569091795,5.0,semantic-mpnet,ada-002,dense-k5,50,
0.5804542384329618,0.425531914893617,0.2978723404255319,0.425531914893617,0.425531914893617,0.6808510638297872,0.9326241134751772,0.44680851063829785,0.7236288721022149,0.7659574468085106,1.4822695035460993,0.4255319148936171,0.9695418415522398,0.8723404255319149,2.574468085106383,0.3723404255319148,1.353480661674726,0.05360811710357666,10.0,semantic-mpnet,ada-002,dense-k10,50,
0.5663120567375887,0.425531914893617,0.2978723404255319,0.425531914893617,0.425531914893617,0.6808510638297872,0.9326241134751772,0.44680851063829785,0.7236288721022149,0.7659574468085106,1.4822695035460993,0.4255319148936171,0.9695418415522398,0.7659574468085106,1.4822695035460993,0.21276595744680854,0.9695418415522398,0.05552080154418945,5.0,semantic-mpnet,ada-002,dense-k5-thresh,50,
0.4937267814927389,0.425531914893617,0.2978723404255319,0.425531914893617,0.425531914893617,0.425531914893617,0.8829787234042553,0.4184397163120567,0.6897818635910996,0.6382978723404256,1.4929078014184398,0.425531914893617,0.9635794127046216,0.7446808510638298,2.851063829787234,0.41063829787234046,1.44227117261306,0.08436739444732666,13.32,semantic-mpnet,ada-002,dense-k5-neigh,50,
0.6400709219858156,0.5531914893617021,0.4113475177304965,0.5531914893617021,0.5531914893617021,0.723404255319149,1.0141843971631206,0.46808510638297873,0.8047912116376505,0.7872340425531915,1.5354609929078016,0.42978723404255326,1.04068652088924,0.7872340425531915,1.5354609929078016,0.21489361702127663,1.04068652088924,0.07434333324432373,5.0,semantic-mpnet,ada-002,hybrid-k5,50,
0.5939209726443769,0.425531914893617,0.31560283687943264,0.425531914893617,0.425531914893617,0.723404255319149,0.9007092198581559,0.4184397163120567,0.6997665173362645,0.8297872340425532,1.5141843971631204,0.42127659574468085,0.973246335449009,0.8936170212765957,2.648936170212766,0.3829787234042553,1.3828525332280788,1.2299328184127807,20.0,semantic-mpnet,ada-002,dense-k20-rerank5,50,
0.5663120567375887,0.425531914893617,0.2978723404255319,0.425531914893617,0.425531914893617,0.6808510638297872,0.9326241134751772,0.44680851063829785,0.7236288721022149,0.7659574468085106,1.4822695035460993,0.4255319148936171,0.9695418415522398,0.7659574468085106,1.4822695035460993,0.21276595744680854,0.9695418415522398,3.12587589263916,5.0,semantic-mpnet,embed-3-large,dense-k5,50,
0.5804542384329618,0.425531914893617,0.2978723404255319,0.425531914893617,0.425531914893617,0.6808510638297872,0.9326241134751772,0.44680851063829785,0.7236288721022149,0.7659574468085106,1.4822695035460993,0.4255319148936171,0.9695418415522398,0.8723404255319149,2.574468085106383,0.3723404255319148,1.353480661674726,3.0970517015457153,10.0,semantic-mpnet,embed-3-large,dense-k10,50,
0.5663120567375887,0.425531914893617,0.2978723404255319,0.425531914893617,0.425531914893617,0.6808510638297872,0.9326241134751772,0.44680851063829785,0.7236288721022149,0.7659574468085106,1.4822695035460993,0.4255319148936171,0.9695418415522398,0.7659574468085106,1.4822695035460993,0.21276595744680854,0.9695418415522398,3.1054236984252928,5.0,semantic-mpnet,embed-3-large,dense-k5-thresh,50,
0.4937267814927389,0.425531914893617,0.2978723404255319,0.425531914893617,0.425531914893617,0.425531914893617,0.8829787234042553,0.4184397163120567,0.6897818635910996,0.6382978723404256,1.4929078014184398,0.425531914893617,0.9635794127046216,0.7446808510638298,2.851063829787234,0.41063829787234046,1.44227117261306,3.1430507612228396,13.32,semantic-mpnet,embed-3-large,dense-k5-neigh,50,
0.6400709219858156,0.5531914893617021,0.4113475177304965,0.5531914893617021,0.5531914893617021,0.723404255319149,1.0141843971631206,0.46808510638297873,0.8047912116376505,0.7872340425531915,1.5354609929078016,0.42978723404255326,1.04068652088924,0.7872340425531915,1.5354609929078016,0.21489361702127663,1.04068652088924,3.114209523200989,5.0,semantic-mpnet,embed-3-large,hybrid-k5,50,
0.5939209726443769,0.425531914893617,0.31560283687943264,0.425531914893617,0.425531914893617,0.723404255319149,0.9007092198581559,0.4184397163120567,0.6997665173362645,0.8297872340425532,1.5141843971631204,0.42127659574468085,0.973246335449009,0.8936170212765957,2.648936170212766,0.3829787234042553,1.3828525332280788,3.965856852531433,20.0,semantic-mpnet,embed-3-large,dense-k20-rerank5,50,
